path,symbol_kind,count
Assets/Editor/MessageBrokerDebugger/MessageBrokerDebuggerWindow.cs,class,1
Assets/Editor/BuildScripts/GitVersionProcessor.cs,class,1
Assets/Demos/FunctionDev/CharacterControllerDemo/PlayerAccelerateCapability.cs,class,5
Assets/Demos/FunctionDev/CharacterControllerDemo/BoxCastDebugger.cs,class,1
Assets/Demos/FunctionDev/CharacterControllerDemo/PlayerMovementComponent.StateCheck.cs,enum,1
Assets/Demos/FunctionDev/CharacterControllerDemo/PlayerMovementComponent.StateCheck.cs,class,1
Assets/Demos/FunctionDev/CharacterControllerDemo/PlayerMovementComponent.Physics.cs,class,1
Assets/Demos/FunctionDev/CharacterControllerDemo/PlayerGravityCapability.cs,class,2
Assets/Demos/FunctionDev/CharacterControllerDemo/PlayerMoveCapability.cs,class,1
Assets/Demos/FunctionDev/CharacterControllerDemo/PlayerMovementTickOrder.cs,enum,1
Assets/Demos/FunctionDev/CharacterControllerDemo/PlayerMovementComponent.Events.cs,class,1
Assets/Demos/FunctionDev/CharacterControllerDemo/PlayerCollisionCapability.cs,class,2
Assets/Demos/FunctionDev/CharacterControllerDemo/PlayerGroundCheckCapability.cs,class,1
Assets/Demos/FunctionDev/CharacterControllerDemo/PlayerInverseAccelerateCapability.cs,class,5
Assets/Demos/FunctionDev/CharacterControllerDemo/PlayerMovementComponent.Unity.cs,class,1
Assets/Demos/FunctionDev/CharacterControllerDemo/PlayerDeAccelerateCapability.cs,class,5
Assets/Demos/FunctionDev/CharacterControllerDemo/PlayerJumpCapability.cs,class,5
Assets/Demos/FunctionDev/CharacterControllerDemo/PlayerGrabCapability.cs,class,3
Assets/Demos/FunctionDev/CharacterControllerDemo/PlayerMovementComponent.PhysicsCast.cs,class,1
Assets/Demos/FunctionDev/CharacterControllerDemo/CollideAndSlideDebugger.cs,class,1
Assets/Demos/FunctionDev/CharacterControllerDemo/PlayerMovementComponent.cs,class,1
Assets/Demos/FunctionDev/FpDemo/FpSample.cs,class,3
Assets/Demos/FunctionDev/Sonar/SonarWaveController.cs,class,1
Assets/Rendering/RainRust/RenderFeatures/SonarObstacleFeature.cs,class,2
Assets/Rendering/RainRust/RenderFeatures/RainRustLighting.cs,class,2
Assets/Rendering/RainRust/RenderFeatures/RainRustLighting.cs,enum,1
Assets/Rendering/RainRust/Volume/RainRustVolume.cs,class,1
Assets/Rendering/RainRust/Volume/RainRustVolume.cs,enum,4
Assets/Rendering/RainRust/RenderPasses/SonarObstaclePass.cs,class,3
Assets/Rendering/RainRust/RenderPasses/RainRustContextData.cs,class,2
Assets/Rendering/RainRust/RenderPasses/RainRustJfaInitPass.cs,class,2
Assets/Rendering/RainRust/RenderPasses/RainRustRenderingPass.cs,class,2
Assets/Rendering/RainRust/RenderPasses/RainRustJfaPass.cs,class,2
Assets/Rendering/RainRust/RenderPasses/RainRustRayTracingPass.cs,class,2
Assets/Rendering/RainRust/RenderPasses/RainRustDistancePass.cs,class,2
Assets/Rendering/RainRust/RenderPasses/RainRustUnpremultiplyPass.cs,class,1
Assets/Rendering/RainRust/RenderPasses/RainRustDrawObjectsPass.cs,class,3
Assets/GameMain/Scripts/Editor/Tools/RecursiveMaterialSetter.cs,class,1
Assets/GameMain/Scripts/Editor/Events/GameEditorTest/GmEditorTestEvents.cs,class,1
Assets/GameMain/Scripts/Editor/Events/GameEditorTest/GmEditorTestEvents.cs,struct,5
Assets/GameMain/Scripts/Editor/Level/LDtkPostProcessor/LDtkChapterBackgroundProcessor.cs,class,1
Assets/GameMain/Scripts/Editor/Level/LDtkPostProcessor/LDtkLevelRoomProcessor.cs,class,2
Assets/GameMain/Scripts/Editor/Level/LDtkPostProcessor/LDtkAutoEntityProcessor.cs,class,1
Assets/GameMain/Scripts/Editor/Level/LDtkPostProcessor/LDtkMaterialSetProcessor.cs,class,1
Assets/GameMain/Scripts/Editor/Level/LDtkPostProcessor/LDtkIdentifiersProcessor.cs,class,2
Assets/GameMain/Scripts/Editor/Level/LDtkPostProcessor/LDtkIdentifiersProcessor.cs,enum,2
Assets/GameMain/Scripts/Editor/Level/LDtkPostProcessor/LDtkVolumGenProcessor.cs,class,1
Assets/GameMain/Scripts/Editor/Level/LDtkPostProcessor/LDtkLevelNeighborProcessor.cs,class,1
Assets/GameMain/Scripts/Editor/Level/LDtkPostProcessor/LDtkLayerProcessor.cs,class,1
Assets/GameMain/Scripts/RunTime/UI/PauseMenuController.cs,class,1
Assets/GameMain/Scripts/RunTime/UI/MainMenuController.cs,class,1
Assets/GameMain/Scripts/RunTime/DebugUI/DebugUIManager.cs,class,1
Assets/GameMain/Scripts/RunTime/AudioEntries/AudioEntryChapterBgm.cs,class,1
Assets/GameMain/Scripts/RunTime/GameMain/GameMain.cs,class,1
Assets/GameMain/Scripts/RunTime/InitInvoker/FastLevelTestInvoker.cs,class,1
Assets/GameMain/Scripts/RunTime/ConsoleUtils/ConsoleCommands.Level.cs,class,1
Assets/GameMain/Scripts/RunTime/ConsoleUtils/InvokeEvent.cs,class,1
Assets/GameMain/Scripts/RunTime/GameCoreSystems/Splash/PlayerDeathSplasher.cs,class,1
Assets/GameMain/Scripts/RunTime/GameCoreSystems/LevelManager/PlayerManager.cs,interface,1
Assets/GameMain/Scripts/RunTime/GameCoreSystems/LevelManager/PlayerManager.cs,class,1
Assets/GameMain/Scripts/RunTime/GameCoreSystems/LevelManager/LevelManager.cs,class,2
Assets/GameMain/Scripts/RunTime/GameCoreSystems/LevelManager/LDtkIdentifiers.cs,class,1
Assets/GameMain/Scripts/RunTime/GameCoreSystems/LevelManager/RuntimeEntityRegistry.cs,class,1
Assets/GameMain/Scripts/RunTime/GameCoreSystems/LevelManager/LevelBoundsTrigger.cs,class,1
Assets/GameMain/Scripts/RunTime/GameCoreSystems/LevelManager/LevelRoom.cs,class,1
Assets/GameMain/Scripts/RunTime/GameCoreSystems/LevelManager/LevelStateRegistry.cs,class,2
Assets/GameMain/Scripts/RunTime/Events/PlayerControl/PlayerControlEvents.cs,class,1
Assets/GameMain/Scripts/RunTime/Events/PlayerControl/PlayerControlEvents.cs,struct,1
Assets/GameMain/Scripts/RunTime/Events/BeeManager/BeeManagerEvents.cs,class,1
Assets/GameMain/Scripts/RunTime/Events/BeeManager/BeeManagerEvents.cs,struct,2
Assets/GameMain/Scripts/RunTime/Events/LevelManager/LevelManagerEvents.cs,class,1
Assets/GameMain/Scripts/RunTime/Events/LevelManager/LevelManagerEvents.cs,enum,1
Assets/GameMain/Scripts/RunTime/Events/LevelManager/LevelManagerEvents.cs,struct,5
Assets/GameMain/Scripts/RunTime/Events/SuperText/SuperTextEvents.cs,class,1
Assets/GameMain/Scripts/RunTime/Events/SuperText/SuperTextEvents.cs,struct,2
Assets/GameMain/Scripts/RunTime/Events/GamePlay/PlatformGame/GamePlayMatEvents.cs,class,1
Assets/GameMain/Scripts/RunTime/Events/GamePlay/PlatformGame/GamePlayMatEvents.cs,struct,5
Assets/GameMain/Scripts/RunTime/Events/GamePlay/SnakeGame/GamePlaySnakeGameEvents.cs,class,1
Assets/GameMain/Scripts/RunTime/Events/GamePlay/SnakeGame/GamePlaySnakeGameEvents.cs,struct,5
Assets/GameMain/Scripts/RunTime/Commands/GameFlow/GameFlowCommands.cs,class,3
Assets/GameMain/Scripts/RunTime/Commands/InitInvoker/InitInvokerCommands.cs,class,5
Assets/GameMain/Scripts/RunTime/Commands/LevelManager/LevelManagerCommands.cs,class,4
Assets/GameMain/Scripts/RunTime/GamePlay/PlayerControl/PlayerStMachineDash.cs,class,1
Assets/GameMain/Scripts/RunTime/GamePlay/PlayerControl/PlayerControlComponent.Anim.cs,class,1
Assets/GameMain/Scripts/RunTime/GamePlay/PlayerControl/PlayerStMachineWhistle.cs,class,1
Assets/GameMain/Scripts/RunTime/GamePlay/PlayerControl/PlayerNormalStGravity.cs,class,1
Assets/GameMain/Scripts/RunTime/GamePlay/PlayerControl/PlayerControlCapabilityBase.cs,class,1
Assets/GameMain/Scripts/RunTime/GamePlay/PlayerControl/PlayerNormalStJump.cs,class,1
Assets/GameMain/Scripts/RunTime/GamePlay/PlayerControl/PlayerInputTemp.cs,class,1
Assets/GameMain/Scripts/RunTime/GamePlay/PlayerControl/PlayerStMachineDeath.cs,class,1
Assets/GameMain/Scripts/RunTime/GamePlay/PlayerControl/PlayerStateStartSet.cs,class,1
Assets/GameMain/Scripts/RunTime/GamePlay/PlayerControl/PlayerGrabStGravity.cs,class,1
Assets/GameMain/Scripts/RunTime/GamePlay/PlayerControl/PlayerControlTickOrder.cs,enum,1
Assets/GameMain/Scripts/RunTime/GamePlay/PlayerControl/PlayerCollisionStartCheck.cs,class,1
Assets/GameMain/Scripts/RunTime/GamePlay/PlayerControl/PlayerControlComponent.Rope.cs,class,1
Assets/GameMain/Scripts/RunTime/GamePlay/PlayerControl/PlayerInitialSet.cs,class,1
Assets/GameMain/Scripts/RunTime/GamePlay/PlayerControl/PlayerControlComponent.Unity.cs,class,1
Assets/GameMain/Scripts/RunTime/GamePlay/PlayerControl/PlayerStateEndSet.cs,class,1
Assets/GameMain/Scripts/RunTime/GamePlay/PlayerControl/PlayerPlatformerInitializer.cs,class,1
Assets/GameMain/Scripts/RunTime/GamePlay/PlayerControl/TempHookControl.cs,class,1
Assets/GameMain/Scripts/RunTime/GamePlay/PlayerControl/PlayerStMachineThrow.cs,class,1
Assets/GameMain/Scripts/RunTime/GamePlay/PlayerControl/PlayerControlComponent.cs,enum,1
Assets/GameMain/Scripts/RunTime/GamePlay/PlayerControl/PlayerControlComponent.cs,class,1
Assets/GameMain/Scripts/RunTime/GamePlay/PlayerControl/PlayerGrabStJump.cs,class,1
Assets/GameMain/Scripts/RunTime/GamePlay/PlayerControl/PlayerControlComponent.Event.cs,class,1
Assets/GameMain/Scripts/RunTime/GamePlay/PlayerControl/PlayerNormalStHorizontal.cs,class,1
Assets/GameMain/Scripts/RunTime/GamePlay/SnakeGame/PlayerSnake.cs,enum,2
Assets/GameMain/Scripts/RunTime/GamePlay/SnakeGame/PlayerSnake.cs,class,1
Assets/GameMain/Scripts/RunTime/GamePlay/SnakeGame/PlayerSnake.cs,record,1
Assets/GameMain/Scripts/RunTime/GamePlay/SnakeGame/PlayerSnakeSaveData.cs,class,1
Assets/GameMain/Scripts/RunTime/GamePlay/SnakeGame/PlayerSnakeSaveData.cs,struct,1
Assets/GameMain/Scripts/RunTime/GamePlay/SnakeGame/SnakeTail.cs,class,1
Assets/GameMain/Scripts/RunTime/GamePlay/SnakeGame/SnakeHoney.cs,enum,1
Assets/GameMain/Scripts/RunTime/GamePlay/SnakeGame/SnakeHoney.cs,class,2
Assets/GameMain/Scripts/RunTime/GamePlay/SnakeGame/PlayerSnakeInitializer.cs,class,1
Assets/GameMain/Scripts/RunTime/GamePlay/SnakeGame/SnakeSavePoint.cs,class,1
Assets/GameMain/Scripts/RunTime/GamePlay/SnakeGame/SnakeDoor.cs,class,2
Assets/GameMain/Scripts/RunTime/GamePlay/Entities/LDtkEntity.cs,class,1
Assets/GameMain/Scripts/RunTime/GamePlay/Entities/LDtkTriggerEntity.cs,class,1
Assets/GameMain/Scripts/RunTime/GamePlay/Entities/LDtkFieldAttribute.cs,class,1
Assets/GameMain/Scripts/RunTime/GamePlay/Entities/LevelClearPoint/LevelClearPoint.cs,class,1
Assets/GameMain/Scripts/RunTime/GamePlay/Entities/SavePoint/SavePoint.cs,class,1
Assets/GameMain/Scripts/RunTime/GamePlay/Entities/LightThing/LightEntitySet.cs,class,1
Assets/GameMain/Scripts/RunTime/GamePlay/Entities/PlatformerGame/ChangeBackground/ChangeBackgroundArea.cs,class,1
Assets/GameMain/Scripts/RunTime/GamePlay/Entities/PlatformerGame/Chain/EntityChain.cs,class,2
Assets/GameMain/Scripts/RunTime/GamePlay/Entities/PlatformerGame/Chain/EntityChain.cs,struct,1
Assets/GameMain/Scripts/RunTime/GamePlay/Entities/PlatformerGame/Chain/EntityChain.cs,enum,1
Assets/GameMain/Scripts/RunTime/GamePlay/Entities/PlatformerGame/Chain/ChainJointTrigger.cs,class,1
Assets/GameMain/Scripts/RunTime/GamePlay/Entities/PlatformerGame/MovePlatformer/MovePlatformer.cs,class,1
Assets/GameMain/Scripts/RunTime/GamePlay/Entities/PlatformerGame/MovePlatformer/MovePlatformer.cs,enum,1
Assets/GameMain/Scripts/RunTime/GamePlay/Entities/PlatformerGame/MovePlatformer/MovePlatformerPathPoint.cs,class,1
Assets/GameMain/Scripts/RunTime/GamePlay/Entities/PlatformerGame/MisteryFog/MisteryFogSaveData.cs,class,1
Assets/GameMain/Scripts/RunTime/GamePlay/Entities/PlatformerGame/MisteryFog/MisteryFog.cs,class,1
Assets/GameMain/Scripts/RunTime/GamePlay/Entities/PlatformerGame/CameraOverride/CameraOverrideArea.cs,class,1
Assets/GameMain/Scripts/RunTime/GamePlay/PlayerControl/Checkpoint/CheckpointAnimTemp.cs,class,1
Assets/GameMain/Scripts/RunTime/GamePlay/PlayerControl/Checkpoint/MatCheckpointControl.cs,class,1
Assets/GameMain/Scripts/RunTime/GamePlay/PlayerControl/ThornPlatform/MatThornPlatformControl.cs,class,1
Assets/GameMain/Scripts/RunTime/GamePlay/PlayerControl/Vine/MatVineControl.cs,class,1
Assets/GameMain/Scripts/RunTime/GamePlay/PlayerControl/BeeControl/BeeMainControl.cs,enum,1
Assets/GameMain/Scripts/RunTime/GamePlay/PlayerControl/BeeControl/BeeMainControl.cs,class,1
Assets/GameMain/Scripts/RunTime/GamePlay/PlayerControl/BeeControl/BeeLdtkControl.cs,class,1
Assets/GameMain/Scripts/RunTime/GamePlay/PlayerControl/BeeControl/BeeRandomData.cs,class,1
Assets/GameMain/Scripts/RunTime/GamePlay/PlayerControl/BeeControl/BeeEvents.cs,class,1
Assets/GameMain/Scripts/RunTime/GamePlay/PlayerControl/BeeControl/BeeAnim.cs,class,1
Assets/GameMain/Scripts/RunTime/GamePlay/PlayerControl/Effect/ParticleEffectInstance.cs,class,1
Assets/GameMain/Scripts/RunTime/GamePlay/PlayerControl/Effect/EffectPoolManager.cs,class,1
Assets/GameMain/Scripts/RunTime/GamePlay/PlayerControl/WaveControl/WaveLife.cs,class,1
Assets/GameMain/Scripts/RunTime/GamePlay/PlayerControl/WaveControl/ZoneWaveControl.cs,class,1
Assets/GameMain/Scripts/RunTime/GamePlay/PlayerControl/WaveControl/WavePoolManager.cs,class,1
Assets/GameMain/Scripts/RunTime/GamePlay/PlayerControl/PlayerGrapplingHook/GrapplingRope.cs,class,1
Assets/GameMain/Scripts/RunTime/GamePlay/PlayerControl/PlayerGrapplingHook/Spring.cs,class,1
Assets/GameMain/Scripts/RunTime/GamePlay/PlayerControl/MatDoor/MatDoorControl.cs,class,1
Assets/GameMain/Scripts/RunTime/GamePlay/PlayerControl/Ore/MatOreControl.cs,class,1
Assets/GameMain/Scripts/RunTime/GamePlay/PlayerControl/OrchidCollection/MatCollectionControl.cs,class,1
Assets/GameMain/Scripts/RunTime/UI/SuperText/TextDevelopSceneScript.cs,class,1
Assets/GameMain/Scripts/RunTime/UI/SuperText/ParseResult.cs,struct,1
Assets/GameMain/Scripts/RunTime/UI/SuperText/ICharacterEffect.cs,interface,1
Assets/GameMain/Scripts/RunTime/UI/SuperText/EffectSpan.cs,struct,1
Assets/GameMain/Scripts/RunTime/UI/SuperText/EffectTextRenderer.cs,class,1
Assets/GameMain/Scripts/RunTime/UI/SuperText/EffectTextRenderer.cs,struct,1
Assets/GameMain/Scripts/RunTime/UI/SuperText/CharacterEffectContext.cs,struct,1
Assets/GameMain/Scripts/RunTime/UI/SuperText/CharacterEffectRegistry.cs,class,1
Assets/GameMain/Scripts/RunTime/UI/SuperText/ColorFlowEffect.cs,class,1
Assets/GameMain/Scripts/RunTime/UI/SuperText/ColorFlowEffect.cs,struct,1
Assets/GameMain/Scripts/RunTime/UI/SuperText/RichTextTagParser.cs,class,1
Assets/GameMain/Scripts/RunTime/UI/SuperText/RichTextTagParser.cs,struct,1
Assets/GameMain/Scripts/RunTime/UI/SuperText/ShakeEffect.cs,class,1
Assets/GameMain/Scripts/RunTime/UI/SuperText/ShakeEffect.cs,struct,1
Assets/GameMain/LDtkProject/gm_ldtk_project/GmLDtkEnums.cs,enum,1
Assets/Tests/PlayMode/SaveSystemPlayModeTests.cs,class,1
Assets/Tests/Editor/UI/SuperText/TypewriterScheduleTests.cs,class,1
Assets/Tests/Editor/UI/SuperText/RichTextTagParserTests.cs,class,1
Assets/Core/ConsoleUtilities/ConsoleCommands.Testing.cs,class,1
Assets/Core/Logger/LogSystem.cs,enum,1
Assets/Core/Logger/LogSystem.cs,class,1
Assets/Core/Logger/LogTag.cs,class,1
Assets/Core/Input/InputSettings.cs,class,1
Assets/Core/Input/InputEvents.cs,class,4
Assets/Core/Input/InputEvents.cs,struct,1
Assets/Core/Input/VgInputActions.cs,struct,1
Assets/Core/Input/VgInputActions.cs,interface,1
Assets/Core/Input/InputAction.cs,enum,3
Assets/Core/Input/VgInput.cs,class,1
Assets/Core/AddressableResourceLoader/AddressableResourceLoader.cs,interface,1
Assets/Core/AddressableResourceLoader/AddressableResourceLoader.cs,class,3
Assets/Core/FP/Result.cs,class,4
Assets/Core/GameCore/GameCore.Editor.cs,class,1
Assets/Core/GameCore/GameCore.Editor.cs,enum,1
Assets/Core/GameCore/GameIdentifiers.cs,class,3
Assets/Core/GameCore/GameCore.Flow.cs,class,1
Assets/Core/GameCore/GameCore.UnityLifeCycles.cs,class,1
Assets/Core/GameCore/GameCore.cs,class,1
Assets/Core/Extensions/TransformExtension.cs,class,1
Assets/Core/Extensions/UnityHelper.cs,class,1
Assets/Core/Extensions/Vector2Extension.cs,class,1
Assets/Core/Extensions/GameObjectExtension.cs,class,1
Assets/Core/CoreModule/CoreModuleManagerBase.cs,class,1
Assets/Core/Container/PriorityQueue.cs,class,1
Assets/Core/Common/FramedFloat.cs,struct,1
Assets/Core/Common/BuildVersionInfo.cs,class,2
Assets/Core/Common/Singleton.cs,class,1
Assets/Core/ParallaxBackground/ParallaxBackground.cs,enum,1
Assets/Core/ParallaxBackground/ParallaxBackground.cs,class,1
Assets/Core/ParallaxBackground/ParallaxLayer.cs,class,1
Assets/Core/Mono/MonoSingletonPersistent.cs,class,1
Assets/Core/Mono/MonoSingletonLasy.cs,class,1
Assets/Core/Command/AbastractManagerCommand.cs,class,1
Assets/Core/Command/ICommand.cs,interface,5
Assets/Core/Command/IManagerCommand.cs,interface,1
Assets/Core/EventSystem/MessageBroker.cs,enum,2
Assets/Core/EventSystem/MessageBroker.cs,class,3
Assets/Core/EventSystem/MessageBroker.cs,struct,3
Assets/Core/EventSystem/IEvent.cs,interface,1
Assets/Core/GameCoreSystems/ICoreModuleSystem.cs,interface,1
Assets/Core/GameCoreSystems/UI/VgUiManager.cs,class,1
Assets/Core/GameCoreSystems/Input/VgInputSystem.cs,class,2
Assets/Core/GameCoreSystems/SaveSystem/SaveSlotEntrySaveData.cs,class,2
Assets/Core/GameCoreSystems/SaveSystem/SaveMeta.cs,class,1
Assets/Core/GameCoreSystems/SaveSystem/SaveContainer.cs,class,1
Assets/Core/GameCoreSystems/SaveSystem/VgSaveSystem.cs,enum,2
Assets/Core/GameCoreSystems/SaveSystem/VgSaveSystem.cs,class,1
Assets/Core/GameCoreSystems/Camera/VgCameraManager.cs,struct,2
Assets/Core/GameCoreSystems/Camera/VgCameraManager.cs,class,1
Assets/Core/GameCoreSystems/Audio/VgAudioSystem.cs,class,1
Assets/Core/GameCoreSystems/Audio/AudioEventSheet.cs,class,1
Assets/Core/GameCoreSystems/LoadingSplash/IProgressable.cs,interface,1
Assets/Core/GameCoreSystems/LoadingSplash/IProgressable.cs,class,1
Assets/Core/GameCoreSystems/LoadingSplash/VgSplashKey.cs,enum,1
Assets/Core/GameCoreSystems/LoadingSplash/VgLoadingSplashManager.cs,class,2
Assets/Core/GameCoreSystems/LoadingSplash/VgDefaultSplasher.cs,class,1
Assets/Core/GameCoreSystems/LoadingSplash/VgSplasher.cs,class,1
Assets/Core/GameCoreSystems/LoadingSplash/VgCircleWipeEffect.cs,class,1
Assets/Core/GameCoreSystems/LoadingSplash/VgDissolveSplasher.cs,class,1
Assets/Core/GameCoreSystems/Scene/SceneLoader.cs,class,1
Assets/Core/GameCoreSystems/Scene/SceneLoadInfo.cs,enum,1
Assets/Core/GameCoreSystems/Scene/SceneLoadInfo.cs,class,1
Assets/Core/GameCoreSystems/Scene/VgSceneManager.cs,class,1
Assets/Core/GameCoreSystems/Stats/StatsManager.cs,class,1
Assets/Core/GameCoreSystems/Stats/StatsManager.cs,record,1
Assets/Core/GameCoreSystems/Stats/StatsSaveData.cs,class,1
Assets/Core/GameCoreSystems/Stats/StatKeys.cs,class,1
Assets/Core/GameCoreSystems/Stats/StatRecord.cs,enum,1
Assets/Core/GameCoreSystems/Stats/StatRecord.cs,class,1
Assets/Core/GameCoreSystems/Audio/Config/FmodParameterPair.cs,struct,1
Assets/Core/GameCoreSystems/Audio/Config/ManagedConfig.cs,class,1
Assets/Core/GameCoreSystems/Audio/Entry/DirectPlayManagedEntry.cs,class,1
Assets/Core/GameCoreSystems/Audio/Entry/AudioParameterEntry.cs,class,1
Assets/Core/GameCoreSystems/Audio/Entry/SetParameterEntry.cs,class,1
Assets/Core/GameCoreSystems/Audio/Entry/SetParameterFromEventEntry.cs,class,1
Assets/Core/GameCoreSystems/Audio/Entry/Audio3DAudioEntry.cs,class,1
Assets/Core/GameCoreSystems/Audio/Entry/DirectPlay3DOneShotEntry.cs,class,1
Assets/Core/GameCoreSystems/Audio/Entry/DirectPlayOneShotEntry.cs,class,1
Assets/Core/GameCoreSystems/Audio/Entry/AudioPlayEntry.cs,class,1
Assets/Core/GameCoreSystems/Audio/Entry/DefaultAudioEntry.cs,class,1
Assets/Core/GameCoreSystems/Audio/Entry/StringManagedAudioEntry.cs,class,1
Assets/Core/GameCoreSystems/Audio/Entry/DirectSetParameterEntry.cs,class,1
Assets/Core/GameCoreSystems/Audio/Entry/CustomParameterUpdateEntry.cs,class,1
Assets/Core/GameCoreSystems/Audio/Entry/CustomAudioEntry.cs,class,1
Assets/Core/GameCoreSystems/Audio/Entry/AudioEntry.cs,class,1
Assets/Core/GameCoreSystems/Audio/Enums/TriggerMode.cs,enum,1
Assets/Core/GameCoreSystems/Audio/Enums/AudioPlayMode.cs,enum,1
Assets/Core/GameCoreSystems/Audio/Interfaces/IFmodPositionEvent.cs,interface,1
Assets/Core/GameCoreSystems/Audio/Interfaces/IPositionEvent.cs,interface,1
Assets/Core/GameCoreSystems/Audio/Interfaces/IFmodOneShotEvent.cs,interface,1
Assets/Core/GameCoreSystems/Audio/Interfaces/IValueEvent.cs,interface,2
Assets/Core/GameCoreSystems/Audio/Interfaces/IFmodParameterEvent.cs,interface,1
Assets/Core/Events/SaveSystem/SaveSystemEvents.cs,class,1
Assets/Core/Events/SaveSystem/SaveSystemEvents.cs,interface,1
Assets/Core/Events/SaveSystem/SaveSystemEvents.cs,struct,7
Assets/Core/Events/ConsoleManager/VgIngameConsoleManagerEvents.cs,class,1
Assets/Core/Events/ConsoleManager/VgIngameConsoleManagerEvents.cs,struct,2
Assets/Core/Events/GameCore/GameCoreEvents.cs,class,1
Assets/Core/Events/GameCore/GameCoreEvents.cs,struct,1
Assets/Core/Events/AudioManagerHelper/AudioManagerHelperEvents.cs,class,1
Assets/Core/Events/AudioManagerHelper/AudioManagerHelperEvents.cs,struct,5
Assets/Core/Events/Stats/StatsEvents.cs,class,1
Assets/Core/Events/Stats/StatsEvents.cs,struct,1
Assets/Core/Scene/AbTile/AbTile.cs,class,1
Assets/Core/Scene/AbTile/AbTile.cs,enum,2
Assets/Core/Command/Addressable/AddressableCommands.cs,class,3
Assets/Core/Command/AudioManagerHelper/AudioManagerHelperCommands.cs,class,5
Assets/Core/Command/GameObject/GameObjectCommands.cs,class,2
Assets/Core/Common/StateMachine/StateMachine.cs,enum,1
Assets/Core/Common/StateMachine/StateMachine.cs,interface,1
Assets/Core/Common/StateMachine/StateMachine.cs,class,2
Assets/Core/Common/StateMachine/StateMachineRunner.cs,class,1
Assets/Core/Common/StateMachine/StateMapping.cs,class,1
Assets/Core/Common/SerializedScriptableObject/VgSerializedScriptableObject.cs,class,1
Assets/Core/Common/StateMachine/Drivers/StateDriverRunner.cs,class,1
Assets/Core/Common/StateMachine/Drivers/StateDriverUnity.cs,class,1
Assets/Core/Common/StateMachine/Events/StateEvent.cs,class,3
Assets/Core/CoreModule/GlobalConfiguration/GlobalConfigurationManager.cs,class,1
Assets/Core/CoreModule/ObjectPool/VgObjectPoolManager.cs,class,1
Assets/Core/CoreModule/Game/GameMonoModule.cs,class,1
Assets/Core/CoreModule/Game/GameSystemManager.cs,class,1
Assets/Core/CoreModule/PostProcessing/VgPostProcessingManager.cs,class,1
Assets/Core/CoreModule/Localization/VgLocalizationManager.cs,class,1
Assets/Core/CoreModule/Console/VgIngameConsoleManager.cs,enum,2
Assets/Core/CoreModule/Console/VgIngameConsoleManager.cs,class,1
Assets/Core/Exceptions/Load/LoadFailedException.cs,class,1
Assets/Core/Exceptions/CoreModuleException/CoreModuleException.cs,class,1
Assets/Core/Exceptions/Command/CommandExcuteFailedException.cs,class,1
Assets/Core/GameCore/GameFlow/GameFlowTrigger.cs,enum,1
Assets/Core/GameCore/GameFlow/LoadContext.cs,struct,1
Assets/Core/GameCore/GameFlow/IGameFlowCommand.cs,interface,1
Assets/Core/GameCore/GameFlow/GameFlowState.cs,enum,1
Assets/Core/GameCore/Registry/CoreSystemRegistry.cs,class,1
Assets/Core/GameCore/Registry/IGameCoreHookRegistry.cs,interface,1
Assets/Core/GameCore/GameFlow/Steps/ShowLogoStep.cs,class,1
Assets/Core/GameCore/GameFlow/Steps/LoadMainMenuSceneStep.cs,class,1
