word,hits
string,609
float,458
mpccomponent,402
bool,381
vector2,369
int,335
override,286
gameobject,272
logtag,258
readonly,253
instance,239
transform,230
clogger,208
color,204
result,199
core,198
value,197
name,196
boxgroup,191
vector3,184
tooltip,182
else,179
mplayermovementcomponent,178
position,174
showininspector,171
collections,166
runtime,163
material,145
action,142
count,141
layer,139
data,134
level,133
list,131
foreach,128
gamemain,128
velocity,114
serializefield,112
generic,111
type,109
key,108
settings,108
out,103
odinserialize,103
unitask,102
debug,98
mathf,97
await,96
loginfo,94
button,90
path,90
typeof,90
messagebroker,85
ctx,84
getcomponent,83
editorguilayout,81
break,81
async,81
object,79
func,79
logerror,77
currentstate,76
layermask,75
global,75
slotname,75
inputaction,74
ievent,74
rendering,72
passdata,71
const,69
add,69
ecctag,68
case,67
tstate,66
struct,65
guilayout,64
deltatime,64
unity_editor,64
assert,63
stateevent,63
base,62
log,60
endif,60
areequal,60
m_settings,59
identifier,59
isglobal,59
collision,58
success,58
input,58
zero,57
error,57
length,56
start,56
uint,56
enum,56
texturehandle,56
dir,56
distance,55
root,55
ctrlvelocity,55
continue,54
event,53
state,53
rainrust,52
info,52
monobehaviour,52
container,52
fmodevent,52
message,51
normal,51
time,51
threading,51
rendergraph,51
component,51
clear,50
where,50
levelmanager,50
game,50
entry,50
player,49
subscribe,49
levelid,49
publish,48
setupticksettings,48
default,48
execute,47
dictionary,47
chapterid,47
tagname,45
editorstyles,44
width,44
fields,44
gizmos,44
direction,44
tasks,44
appendline,44
eventinfo,44
abstract,43
renderer,43
ref,43
evt,43
spans,43
eventtype,42
size,42
header,41
collider,41
sirenix,41
awake,41
playerstatemachine,41
span,41
handler,41
exception,40
collider2d,40
dispose,40
savepointname,40
gameflowstate,40
trygetvalue,40
inputaxis,39
bindingflags,39
keyboard,39
label,38
vanishinggames,38
ecc,38
region,38
endregion,38
shader,38
cysharp,38
gamecore,38
beestate,38
isnullorempty,37
none,37
try,37
json,37
speed,37
cameradata,37
m_disposables,37
update,36
tostring,36
loading,36
world,35
serializable,35
registry,35
setbool,35
editor,34
hit,34
logwarn,34
linq,33
move,33
framedfloat,33
ldtkcomponentlevel,33
gettype,33
initialize,33
normalstate,33
m_spriterenderer,33
isongroundfast,32
isonground,32
builder,32
disablekeyword,32
spriterenderer,32
other,32
meta,32
tail,32
vginput,31
jump,31
setactive,31
throw,31
audioentry,31
axis,31
m_fsm,31
tags,30
nametolayer,30
find,30
stack,30
vgsavesystem,30
right,30
snap,29
record,29
catch,29
addcomponent,29
rainrustlighting,29
asset,29
comparetag,29
tdriver,29
empty,28
left,28
parameters,28
onnext,28
center,28
odininspector,28
camera,28
rainrustcontextdata,28
prefab,28
visualelement,28
originalscale,28
processors,28
interactions,28
loadcontext,28
labelfield,27
datetime,27
shouldactivate,27
shoulddeactivate,27
ontick,27
idisposable,27
framedata,27
method,27
audio,27
gamepad,27
mheap,27
height,26
gui,26
failed,26
abs,26
failure,26
task,26
user,26
setfloat,26
labeltext,26
enabled,26
display,26
manim,26
loglevel,26
lock,26
isoverspeed,25
test,25
renderpassevent,25
context,25
enablekeyword,25
bounds,25
invoke,25
joint,25
gamecorestart,25
consoledisplaymode,25
fsm,25
tickorderingroup,24
onactivate,24
subject,24
destroy,24
m_rootcontainer,24
slot,24
priority,24
m_material,24
mouse,24
switch,23
file,23
physics2d,23
radius,23
issuccess,23
renderingdata,23
found,23
localposition,23
room,23
boxcollider2d,23
save,23
registercallback,23
clickevent,23
interface,23
savesystemevents,23
tag,23
progress,23
