pr_number,title,author,github_author,topic,deadline_at,deadline_type,first_signal_at,first_commit_at,last_commit_at,first_signal_source,hours_before_deadline,within_24h,within_72h,commit_count,churn,additions,deletions,changed_files
351,Stats,Vanish,Vanish,Docs/Stats,2026-06-18T03:58:01+08:00,merged_at,2026-06-18T03:58:01+08:00,2026-06-18T03:58:01+08:00,2026-06-18T03:58:01+08:00,linked_commit,0.0,True,True,1,133754,133754,0,44
350,Introduce shared game identifiers and standardize startup constants,Vanish,Vanish,Assets/Art,2026-06-18T02:22:20+08:00,merged_at,2026-06-18T02:22:20+08:00,2026-06-18T02:22:20+08:00,2026-06-18T02:22:20+08:00,linked_commit,0.0,True,True,1,41,34,7,9
348,Vanish/menu UI,Vanish,Vanish,UI,2026-06-18T02:07:22+08:00,merged_at,2026-06-18T02:07:22+08:00,2026-06-18T02:07:22+08:00,2026-06-18T02:07:22+08:00,linked_commit,0.0,True,True,1,1367,1276,91,22
345,111,likoko,likoko,Other,2026-06-06T22:11:02+08:00,merged_at,2026-06-06T22:11:02+08:00,2026-06-06T22:11:02+08:00,2026-06-06T22:11:02+08:00,linked_commit,0.0,True,True,1,15029,13961,1068,6
344,1,OriSYX,OriSYX,Other,2026-06-05T14:43:45+08:00,merged_at,2026-06-05T14:43:45+08:00,2026-06-05T14:43:45+08:00,2026-06-05T14:43:45+08:00,linked_commit,0.0,True,True,1,1554,1524,30,12
342,5.20 project,OriSYX,OriSYX,Other,2026-06-01T00:07:22+08:00,merged_at,2026-06-01T00:07:22+08:00,2026-06-01T00:07:22+08:00,2026-06-01T00:07:22+08:00,linked_commit,0.0,True,True,1,90766,34792,55974,50
341,mistery fog,Vanish,Vanish,Other,2026-06-01T18:45:08+08:00,merged_at,2026-06-01T18:45:08+08:00,2026-06-01T18:45:08+08:00,2026-06-01T18:45:08+08:00,linked_commit,0.0,True,True,1,119,119,0,7
340,Make Urp Embeded and add new overlap operation mode: Use Max,Vanish,Vanish,Other,2026-05-28T18:32:31+08:00,merged_at,2026-05-28T18:32:31+08:00,2026-05-28T18:32:31+08:00,2026-05-28T18:32:31+08:00,linked_commit,0.0,True,True,1,315182,315142,40,2739
337, 一些贪吃蛇数据加载,Vanish,Vanish,Other,2026-05-25T19:11:45+08:00,merged_at,2026-05-25T19:11:45+08:00,2026-05-25T19:11:45+08:00,2026-05-25T19:11:45+08:00,linked_commit,0.0,True,True,1,545,506,39,20
334,change snake move mode,Vanish,Vanish,Other,2026-05-25T00:08:02+08:00,merged_at,2026-05-25T00:08:02+08:00,2026-05-25T00:08:02+08:00,2026-05-25T00:08:02+08:00,linked_commit,0.0,True,True,1,21,9,12,1
331,RainRust 光照: 修复 alpha 语义不一致 + Debug 可视化,Vanish,Vanish,Bug/Fix,2026-05-22T20:36:58+08:00,merged_at,2026-05-22T20:36:58+08:00,2026-05-22T20:36:58+08:00,2026-05-22T20:36:58+08:00,linked_commit,0.0,True,True,1,670,626,44,16
328,Super Text,Vanish,Vanish,Other,2026-05-18T19:52:27+08:00,merged_at,2026-05-18T19:52:27+08:00,2026-05-18T19:52:27+08:00,2026-05-18T19:52:27+08:00,linked_commit,0.0,True,True,1,1539,1497,42,48
320,333,OriSYX,OriSYX,Other,2026-05-08T01:22:20+08:00,merged_at,2026-05-08T01:22:20+08:00,2026-05-08T01:22:20+08:00,2026-05-08T01:22:20+08:00,linked_commit,0.0,True,True,1,9914,9157,757,31
319,"Add Lights""",Vanish,Vanish,Rendering,2026-05-07T23:21:48+08:00,merged_at,2026-05-07T23:21:48+08:00,2026-05-07T23:21:48+08:00,2026-05-07T23:21:48+08:00,linked_commit,0.0,True,True,1,50,50,0,10
316,Vanish/fuck unity,Vanish,Vanish,Other,2026-05-07T20:35:06+08:00,merged_at,2026-05-07T20:35:06+08:00,2026-05-07T20:35:06+08:00,2026-05-07T20:35:06+08:00,linked_commit,0.0,True,True,1,1943,1453,490,89
315,加了一些植物,likoko,likoko,Other,2026-05-07T18:51:04+08:00,merged_at,2026-05-07T18:51:04+08:00,2026-05-07T18:51:04+08:00,2026-05-07T18:51:04+08:00,linked_commit,0.0,True,True,1,7797,6835,962,15
314,Oris Update,Vanish,Vanish,Other,2026-05-07T16:48:20+08:00,merged_at,2026-05-07T16:48:20+08:00,2026-05-07T16:48:20+08:00,2026-05-07T16:48:20+08:00,linked_commit,0.0,True,True,1,20342,17849,2493,79
312,Likoko/5.6,likoko,likoko,Other,2026-05-07T16:23:41+08:00,merged_at,2026-05-07T16:23:41+08:00,2026-05-07T16:23:41+08:00,2026-05-07T16:23:41+08:00,linked_commit,0.0,True,True,1,897,889,8,16
311,Likoko/5.6,likoko,likoko,Other,2026-05-07T01:44:42+08:00,merged_at,2026-05-07T01:44:42+08:00,2026-05-07T01:44:42+08:00,2026-05-07T01:44:42+08:00,linked_commit,0.0,True,True,1,18713,16311,2402,43
310,4.29 project,OriSYX,OriSYX,Other,2026-05-06T21:26:02+08:00,merged_at,2026-05-06T21:26:02+08:00,2026-05-06T21:26:02+08:00,2026-05-06T21:26:02+08:00,linked_commit,0.0,True,True,1,80,17,63,2
309,4.29 project,OriSYX,OriSYX,Other,2026-05-06T20:25:20+08:00,merged_at,2026-05-06T20:25:20+08:00,2026-05-06T20:25:20+08:00,2026-05-06T20:25:20+08:00,linked_commit,0.0,True,True,1,67732,44094,23638,265
305,feat & refactor: 实现声纳阻挡系统、重构 Loading Splash 体系及优化玩家能力逻辑,Vanish,Vanish,Refactor,2026-05-03T07:47:35+08:00,merged_at,2026-05-03T07:47:35+08:00,2026-05-03T07:47:35+08:00,2026-05-03T07:47:35+08:00,linked_commit,0.0,True,True,1,2106,1400,706,84
294,4.26 project,OriSYX,OriSYX,Other,2026-04-27T20:37:27+08:00,merged_at,2026-04-27T20:37:27+08:00,2026-04-27T20:37:27+08:00,2026-04-27T20:37:27+08:00,linked_commit,0.0,True,True,1,5362,4343,1019,22
290,4.26 new start,OriSYX,OriSYX,Assets/Art,2026-04-26T17:15:28+08:00,merged_at,2026-04-26T17:15:28+08:00,2026-04-26T17:15:28+08:00,2026-04-26T17:15:28+08:00,linked_commit,0.0,True,True,1,10138,9474,664,100
285,贪吃蛇,Vanish,Vanish,Other,2026-04-24T22:28:44+08:00,merged_at,2026-04-24T22:28:44+08:00,2026-04-24T22:28:44+08:00,2026-04-24T22:28:44+08:00,linked_commit,0.0,True,True,1,30100,8714,21386,739
284,4.17 project,OriSYX,OriSYX,Other,2026-04-24T00:14:57+08:00,merged_at,2026-04-24T00:14:57+08:00,2026-04-24T00:14:57+08:00,2026-04-24T00:14:57+08:00,linked_commit,0.0,True,True,1,32725,17227,15498,732
280,增加了光源阻挡,Vanish,Vanish,Other,2026-04-21T21:02:22+08:00,merged_at,2026-04-21T21:02:22+08:00,2026-04-21T21:02:22+08:00,2026-04-21T21:02:22+08:00,linked_commit,0.0,True,True,1,12,10,2,1
279,修好了一个蠢bug,Vanish,Vanish,Bug/Fix,2026-04-21T20:41:51+08:00,merged_at,2026-04-21T20:41:51+08:00,2026-04-21T20:41:51+08:00,2026-04-21T20:41:51+08:00,linked_commit,0.0,True,True,1,245,124,121,39
274,add some lights,likoko,likoko,Rendering,2026-04-20T00:32:46+08:00,merged_at,2026-04-20T00:32:46+08:00,2026-04-20T00:32:46+08:00,2026-04-20T00:32:46+08:00,linked_commit,0.0,True,True,1,335,319,16,10
266,feat: WebGL 构建 + GitHub Pages 部署 + CI/CD 修复 (#266),Vanish,Vanish,Build/CI,2026-04-12T19:04:36+08:00,merged_at,2026-04-12T19:04:36+08:00,2026-04-12T19:04:36+08:00,2026-04-12T19:04:36+08:00,linked_commit,0.0,True,True,1,1775,1572,203,13
263,feat: transition to RainRust project & refactor CI/CD/Core systems,Vanish,Vanish,Refactor,2026-04-12T07:18:16+08:00,merged_at,2026-04-12T07:18:16+08:00,2026-04-12T07:18:16+08:00,2026-04-12T07:18:16+08:00,linked_commit,0.0,True,True,1,10755,5672,5083,171
254,feat: 实现 FMOD 音频系统 (VgAudioManager),Vanish,Vanish,Audio,2026-04-10T10:40:10+08:00,merged_at,2026-04-10T10:40:10+08:00,2026-04-10T10:40:10+08:00,2026-04-10T10:40:10+08:00,linked_commit,0.0,True,True,1,499119,293445,205674,2493
251,Refactor Save System and Enhance LDtk Integration,Vanish,Vanish,Refactor,2026-04-08T21:44:01+08:00,merged_at,2026-04-08T21:44:01+08:00,2026-04-08T21:44:01+08:00,2026-04-08T21:44:01+08:00,linked_commit,0.0,True,True,1,16553,2299,14254,89
250,咋这么多更改吓哭了,likoko,likoko,Other,2026-04-08T20:10:40+08:00,merged_at,2026-04-08T20:10:40+08:00,2026-04-08T20:10:40+08:00,2026-04-08T20:10:40+08:00,linked_commit,0.0,True,True,1,192327,192318,9,1924
242,Likoko/4.2bg,likoko,likoko,Other,2026-04-02T19:45:27+08:00,merged_at,2026-04-02T19:45:27+08:00,2026-04-02T19:45:27+08:00,2026-04-02T19:45:27+08:00,linked_commit,0.0,True,True,1,544,466,78,27
239,237 hybird lighting solution,Vanish,Vanish,Rendering,2026-04-02T00:19:54+08:00,merged_at,2026-04-02T00:19:54+08:00,2026-04-02T00:19:54+08:00,2026-04-02T00:19:54+08:00,linked_commit,0.0,True,True,1,663,469,194,17
236,update,Vanish,Vanish,Other,2026-04-01T17:07:06+08:00,merged_at,2026-04-01T17:07:06+08:00,2026-04-01T17:07:06+08:00,2026-04-01T17:07:06+08:00,linked_commit,0.0,True,True,1,44,25,19,2
235,done,Vanish,Vanish,Other,2026-04-01T16:49:46+08:00,merged_at,2026-04-01T16:49:46+08:00,2026-04-01T16:49:46+08:00,2026-04-01T16:49:46+08:00,linked_commit,0.0,True,True,1,32,32,0,3
223,update,Vanish,Vanish,Other,2026-03-26T22:20:55+08:00,merged_at,2026-03-26T22:20:55+08:00,2026-03-26T22:20:55+08:00,2026-03-26T22:20:55+08:00,linked_commit,0.0,True,True,1,410,242,168,8
220,测试一下,likoko,likoko,Other,2026-03-26T18:05:20+08:00,merged_at,2026-03-26T18:05:20+08:00,2026-03-26T18:05:20+08:00,2026-03-26T18:05:20+08:00,linked_commit,0.0,True,True,1,98,91,7,7
219,update,Vanish,Vanish,Other,2026-03-26T17:44:38+08:00,merged_at,2026-03-26T17:44:38+08:00,2026-03-26T17:44:38+08:00,2026-03-26T17:44:38+08:00,linked_commit,0.0,True,True,1,157,144,13,4
217,update,OriSYX,OriSYX,Other,2026-03-26T07:02:30+08:00,merged_at,2026-03-26T07:02:30+08:00,2026-03-26T07:02:30+08:00,2026-03-26T07:02:30+08:00,linked_commit,0.0,True,True,1,304435,287316,17119,220
215,Vanihs/lighting,Vanish,Vanish,Rendering,2026-03-26T02:04:50+08:00,merged_at,2026-03-26T02:04:50+08:00,2026-03-26T02:04:50+08:00,2026-03-26T02:04:50+08:00,linked_commit,0.0,True,True,1,1075,991,84,32
213,Oris/3.24 project,OriSYX,OriSYX,Other,2026-03-25T20:53:05+08:00,merged_at,2026-03-25T20:53:05+08:00,2026-03-25T20:53:05+08:00,2026-03-25T20:53:05+08:00,linked_commit,0.0,True,True,1,26943,25998,945,63
209,butify,Vanish,Vanish,Other,2026-03-25T02:28:26+08:00,merged_at,2026-03-25T02:28:26+08:00,2026-03-25T02:28:26+08:00,2026-03-25T02:28:26+08:00,linked_commit,0.0,True,True,1,9227,8778,449,98
206,crt effect,Vanish,Vanish,Other,2026-03-24T21:17:07+08:00,merged_at,2026-03-24T21:17:07+08:00,2026-03-24T21:17:07+08:00,2026-03-24T21:17:07+08:00,linked_commit,0.0,True,True,1,18,13,5,3
204,Vanish/fixing everything,Vanish,Vanish,Bug/Fix,2026-03-24T21:04:45+08:00,merged_at,2026-03-24T21:04:45+08:00,2026-03-24T21:04:45+08:00,2026-03-24T21:04:45+08:00,linked_commit,0.0,True,True,1,416,330,86,18
202,update,Vanish,Vanish,Other,2026-03-24T18:49:32+08:00,merged_at,2026-03-24T18:49:32+08:00,2026-03-24T18:49:32+08:00,2026-03-24T18:49:32+08:00,linked_commit,0.0,True,True,1,4,2,2,2
201,update[SKIP CICD],Vanish,Vanish,Build/CI,2026-03-24T18:39:44+08:00,merged_at,2026-03-24T18:39:44+08:00,2026-03-24T18:39:44+08:00,2026-03-24T18:39:44+08:00,linked_commit,0.0,True,True,1,775,4,771,5
198,197 camera,Vanish,Vanish,Rendering,2026-03-24T09:23:50+08:00,merged_at,2026-03-24T09:23:50+08:00,2026-03-24T09:23:50+08:00,2026-03-24T09:23:50+08:00,linked_commit,0.0,True,True,1,8257,4982,3275,124
196,178 level camera,Vanish,Vanish,Rendering,2026-03-24T02:46:21+08:00,merged_at,2026-03-24T02:46:21+08:00,2026-03-24T02:46:21+08:00,2026-03-24T02:46:21+08:00,linked_commit,0.0,True,True,1,201,152,49,12
195,Oris/3.22 project [SKIP CICD],OriSYX,OriSYX,Build/CI,2026-03-24T02:00:17+08:00,merged_at,2026-03-24T02:00:17+08:00,2026-03-24T02:00:17+08:00,2026-03-24T02:00:17+08:00,linked_commit,0.0,True,True,1,5264,4490,774,13
186,ruletile不显示的问题反馈,OriSYX,OriSYX,Level/LDtk,2026-03-24T00:50:08+08:00,merged_at,2026-03-24T00:50:08+08:00,2026-03-24T00:50:08+08:00,2026-03-24T00:50:08+08:00,linked_commit,0.0,True,True,1,2774,2477,297,10
185,174 background,Vanish,Vanish,Other,2026-03-24T01:05:27+08:00,merged_at,2026-03-24T01:05:27+08:00,2026-03-24T01:05:27+08:00,2026-03-24T01:05:27+08:00,linked_commit,0.0,True,True,1,1738,1712,26,34
176,Update Scene,OriSYX,OriSYX,Level/LDtk,2026-03-22T16:32:18+08:00,merged_at,2026-03-22T16:32:18+08:00,2026-03-22T16:32:18+08:00,2026-03-22T16:32:18+08:00,linked_commit,0.0,True,True,1,2,1,1,1
173,171 room manager,Vanish,Vanish,Other,2026-03-20T06:16:32+08:00,merged_at,2026-03-20T06:16:32+08:00,2026-03-20T06:16:32+08:00,2026-03-20T06:16:32+08:00,linked_commit,0.0,True,True,1,95161,93410,1751,964
172,RainRust渲染纹理尺寸,Vanish,Vanish,Other,2026-03-18T18:53:04+08:00,merged_at,2026-03-18T18:53:04+08:00,2026-03-18T18:53:04+08:00,2026-03-18T18:53:04+08:00,linked_commit,0.0,True,True,1,85,47,38,2
170,169 ab tile,Vanish,Vanish,Level/LDtk,2026-03-17T17:23:44+08:00,merged_at,2026-03-17T17:23:44+08:00,2026-03-17T17:23:44+08:00,2026-03-17T17:23:44+08:00,linked_commit,0.0,True,True,1,227,227,0,11
139,feat: 添加任务清理与回收工作流，优化逾期任务检测逻辑,Vanish,Vanish,Other,2026-03-17T14:50:13+08:00,merged_at,2026-03-17T14:50:13+08:00,2026-03-17T14:50:13+08:00,2026-03-17T14:50:13+08:00,linked_commit,0.0,True,True,1,300,226,74,3
138,Oris/3.4 project,OriSYX,OriSYX,Other,2026-03-17T00:01:58+08:00,merged_at,2026-03-17T00:01:58+08:00,2026-03-17T00:01:58+08:00,2026-03-17T00:01:58+08:00,linked_commit,0.0,True,True,1,16368,16258,110,554
136,chore: 移除不再使用的com.boxqkrtm.ide.cursor依赖,Vanish,Vanish,Other,2026-03-16T19:21:26+08:00,merged_at,2026-03-16T19:21:26+08:00,2026-03-16T19:21:26+08:00,2026-03-16T19:21:26+08:00,linked_commit,0.0,True,True,1,10,0,10,2
135,fix: 更新Crt材质和场景文件的LFS引用,Vanish,Vanish,Bug/Fix,2026-03-16T19:14:06+08:00,merged_at,2026-03-16T19:14:06+08:00,2026-03-16T19:14:06+08:00,2026-03-16T19:14:06+08:00,linked_commit,0.0,True,True,1,12,7,5,3
134,feat: 添加CRT效果材质和着色器，更新渲染设置,Vanish,Vanish,Other,2026-03-16T18:50:30+08:00,merged_at,2026-03-16T18:50:30+08:00,2026-03-16T18:50:30+08:00,2026-03-16T18:50:30+08:00,linked_commit,0.0,True,True,1,251,244,7,7
131,Oris/new movement1,Vanish,Vanish,Gameplay,2026-03-04T01:06:28+08:00,merged_at,2026-03-04T01:06:28+08:00,2026-03-04T01:06:28+08:00,2026-03-04T01:06:28+08:00,linked_commit,0.0,True,True,1,3779,3754,25,89
123,bugfix: 修复aciton,Vanish,Vanish,Bug/Fix,2025-12-18T21:31:56+08:00,merged_at,2025-12-18T21:31:56+08:00,2025-12-18T21:31:56+08:00,2025-12-18T21:31:56+08:00,linked_commit,0.0,True,True,1,90,58,32,1
120,Develop,Vanish,Vanish,Other,2025-12-18T21:22:02+08:00,merged_at,2025-12-18T21:22:02+08:00,2025-12-18T21:22:02+08:00,2025-12-18T21:22:02+08:00,linked_commit,0.0,True,True,1,705761,512220,193541,2442
118,Render Pipeline,Vanish,Vanish,Rendering,2026-03-15T09:29:28+08:00,merged_at,2026-03-15T09:29:28+08:00,2026-03-15T09:29:28+08:00,2026-03-15T09:29:28+08:00,linked_commit,0.0,True,True,1,6926,4547,2379,166
110,Develop,Vanish,Vanish,Other,2025-12-07T20:27:50+08:00,merged_at,2025-12-07T20:27:50+08:00,2025-12-07T20:27:50+08:00,2025-12-07T20:27:50+08:00,linked_commit,0.0,True,True,1,381,10,371,2
93,Develop,Vanish,Vanish,Other,2025-11-15T00:19:28+08:00,merged_at,2025-11-15T00:19:28+08:00,2025-11-15T00:19:28+08:00,2025-11-15T00:19:28+08:00,linked_commit,0.0,True,True,1,37422,7398,30024,925
74,[MILESTONE] 终于可以开始开发了,Vanish,Vanish,Other,2025-10-30T16:22:34+08:00,merged_at,2025-10-30T16:22:34+08:00,2025-10-30T16:22:34+08:00,2025-10-30T16:22:34+08:00,linked_commit,0.0,True,True,1,275719,265288,10431,3340
64,"Revert ""[SKIP CICD]Update README.md""",Vanish,Vanish,Docs/Stats,2025-08-17T22:01:09+08:00,merged_at,2025-08-17T22:01:09+08:00,2025-08-17T22:01:09+08:00,2025-08-17T22:01:09+08:00,linked_commit,0.0,True,True,1,4,1,3,1
57,Develop [ADD BUILD][ADD DEPLOY],Vanish,Vanish,Build/CI,2025-08-16T23:52:13+08:00,merged_at,2025-08-16T23:52:13+08:00,2025-08-16T23:52:13+08:00,2025-08-16T23:52:13+08:00,linked_commit,0.0,True,True,1,45515,32884,12631,464
55,Update and refactor CodeUnfucker Bridge,Vanish,Vanish,Refactor,2025-07-10T20:39:53+08:00,merged_at,2025-07-10T20:39:53+08:00,2025-07-10T20:39:53+08:00,2025-07-10T20:39:53+08:00,linked_commit,0.0,True,True,1,992,744,248,7
54,Add In Game Console [SKIP CI],Vanish,Vanish,Build/CI,2025-07-09T23:00:00+08:00,merged_at,2025-07-09T23:00:00+08:00,2025-07-09T23:00:00+08:00,2025-07-09T23:00:00+08:00,linked_commit,0.0,True,True,1,9406,6856,2550,85
53,Upgrade CodeUnfucker [SKIP CI],Vanish,Vanish,Build/CI,2025-07-09T21:35:42+08:00,merged_at,2025-07-09T21:35:42+08:00,2025-07-09T21:35:42+08:00,2025-07-09T21:35:42+08:00,linked_commit,0.0,True,True,1,23082,22749,333,197
52,Integrate roslyn-lint configuration into pipeline,Vanish,Vanish,Data/Save,2025-07-09T21:49:07+08:00,merged_at,2025-07-09T21:49:07+08:00,2025-07-09T21:49:07+08:00,2025-07-09T21:49:07+08:00,linked_commit,0.0,True,True,1,541,532,9,4
50,Vanish/fp rop core [SKIP CI],Vanish,Vanish,Build/CI,2025-07-09T19:30:45+08:00,merged_at,2025-07-09T19:30:45+08:00,2025-07-09T19:30:45+08:00,2025-07-09T19:30:45+08:00,linked_commit,0.0,True,True,1,641,641,0,10
46,环境配置脚本 [SKIP CI],Vanish,消失,Build/CI,2025-07-08T21:13:44+08:00,merged_at,2025-07-08T21:13:44+08:00,2025-07-08T21:13:44+08:00,2025-07-08T21:13:44+08:00,linked_commit,0.0,True,True,1,301,301,0,3
45,Automation Pipeline,Vanish,消失,Build/CI,2025-07-08T21:03:04+08:00,merged_at,2025-07-08T21:03:04+08:00,2025-07-08T21:03:04+08:00,2025-07-08T21:03:04+08:00,linked_commit,0.0,True,True,1,17305,15534,1771,200
42,Vanish/automation pipeline,Vanish,消失,Build/CI,2025-07-08T20:38:00+08:00,merged_at,2025-07-08T20:38:00+08:00,2025-07-08T20:38:00+08:00,2025-07-08T20:38:00+08:00,linked_commit,0.0,True,True,1,1,0,1,1
41,Vanish/sample odin editor,Vanish,消失,Other,2025-07-05T17:04:55+08:00,merged_at,2025-07-05T17:04:55+08:00,2025-07-05T17:04:55+08:00,2025-07-05T17:04:55+08:00,linked_commit,0.0,True,True,1,1,1,0,1
40,feat: import ase,Vanish,消失,Other,2025-07-05T16:04:21+08:00,merged_at,2025-07-05T16:04:21+08:00,2025-07-05T16:04:21+08:00,2025-07-05T16:04:21+08:00,linked_commit,0.0,True,True,1,190264,190255,9,1905
38,[Automation] feat: ci-pipeline (#38),Vanish,消失,Build/CI,2025-07-05T15:45:50+08:00,merged_at,2025-07-05T15:45:50+08:00,2025-07-05T15:45:50+08:00,2025-07-05T15:45:50+08:00,linked_commit,0.0,True,True,1,145,145,0,1
21,Develop,Vanish,消失,Other,2025-06-30T21:16:33+08:00,merged_at,2025-06-30T21:16:33+08:00,2025-06-30T21:16:33+08:00,2025-06-30T21:16:33+08:00,linked_commit,0.0,True,True,1,331,330,1,2
18,Develop,Vanish,消失,Other,2025-06-30T19:23:20+08:00,merged_at,2025-06-30T19:23:20+08:00,2025-06-30T19:23:20+08:00,2025-06-30T19:23:20+08:00,linked_commit,0.0,True,True,1,780,748,32,27
13,feat: update default build targets for step 2 in CI/CD workflow,Vanish,消失,Build/CI,2025-06-18T00:03:26+08:00,merged_at,2025-06-18T00:03:26+08:00,2025-06-18T00:03:26+08:00,2025-06-18T00:03:26+08:00,linked_commit,0.0,True,True,1,6,3,3,1
12,feat: Add demo scenes and unit tests for ThirdPersonController,Vanish,消失,Tests,2025-06-18T00:34:53+08:00,merged_at,2025-06-18T00:34:53+08:00,2025-06-18T00:34:53+08:00,2025-06-18T00:34:53+08:00,linked_commit,0.0,True,True,1,590,509,81,25
9,Develop,Vanish,消失,Other,2025-06-17T22:35:27+08:00,merged_at,2025-06-17T22:35:27+08:00,2025-06-17T22:35:27+08:00,2025-06-17T22:35:27+08:00,linked_commit,0.0,True,True,1,2724,1130,1594,76
7,Develop,Vanish,消失,Other,2025-06-17T21:14:20+08:00,merged_at,2025-06-17T21:14:20+08:00,2025-06-17T21:14:20+08:00,2025-06-17T21:14:20+08:00,linked_commit,0.0,True,True,1,0,0,0,0
5,Vanish/feature import odin,Vanish,消失,Other,2025-06-17T21:01:08+08:00,merged_at,2025-06-17T21:01:08+08:00,2025-06-17T21:01:08+08:00,2025-06-17T21:01:08+08:00,linked_commit,0.0,True,True,1,49615,49615,0,129
4,Develop,Vanish,消失,Other,2025-06-17T00:30:24+08:00,merged_at,2025-06-17T00:30:24+08:00,2025-06-17T00:30:24+08:00,2025-06-17T00:30:24+08:00,linked_commit,0.0,True,True,1,21,1,20,3
3,feat: update default values and descriptions for deployment and build targets in CI/CD pipeline,Vanish,消失,Build/CI,2025-06-17T00:11:15+08:00,merged_at,2025-06-17T00:11:15+08:00,2025-06-17T00:11:15+08:00,2025-06-17T00:11:15+08:00,linked_commit,0.0,True,True,1,12,10,2,1
1,Add ConsolePro plugin and remove tutorial assets,Vanish,消失,Assets/Art,2025-06-16T23:40:10+08:00,merged_at,2025-06-16T23:40:10+08:00,2025-06-16T23:40:10+08:00,2025-06-16T23:40:10+08:00,linked_commit,0.0,True,True,1,1349,194,1155,24
199,"Revert ""update (#199)""",Vanish,Vanish,Other,2026-03-24T18:38:48+08:00,merged_at,2026-03-24T18:37:53+08:00,2026-03-24T18:37:53+08:00,2026-03-24T18:38:48+08:00,linked_commit,0.02,True,True,2,1540,769,1,3
227,"Revert ""update ldtk (#227)""",Vanish,Vanish,Level/LDtk,2026-03-27T01:30:03+08:00,merged_at,2026-03-27T01:27:56+08:00,2026-03-27T01:27:56+08:00,2026-03-27T01:30:03+08:00,linked_commit,0.04,True,True,2,14260,552,6578,1
225,"Revert ""update scene (#225)""",Vanish,Vanish,Level/LDtk,2026-03-27T01:25:08+08:00,merged_at,2026-03-27T01:22:13+08:00,2026-03-27T01:22:13+08:00,2026-03-27T01:25:08+08:00,linked_commit,0.05,True,True,2,14626,595,6718,11
229,"Revert ""final after lfs installed (#229)""",Vanish,Vanish,Other,2026-03-27T01:37:28+08:00,merged_at,2026-03-27T01:33:10+08:00,2026-03-27T01:33:10+08:00,2026-03-27T01:37:28+08:00,linked_commit,0.07,True,True,2,14626,595,6718,11
221,"Revert ""1 (#221)""",likoko,Vanish,Other,2026-03-27T01:05:38+08:00,merged_at,2026-03-26T21:12:01+08:00,2026-03-26T21:12:01+08:00,2026-03-27T01:05:38+08:00,linked_commit,3.89,True,True,2,691042,160732,184789,47
