path,field,rule
Assets/Demos/FunctionDev/CharacterControllerDemo/PlayerMoveCapability.cs,mPlayerMovementComponent,private/protected/internal field should start with m_
Assets/Demos/FunctionDev/CharacterControllerDemo/PlayerCollisionCapability.cs,mHit,private/protected/internal field should start with m_
Assets/Demos/FunctionDev/CharacterControllerDemo/PlayerCollisionCapability.cs,mUpdateSubscription,private/protected/internal field should start with m_
Assets/Demos/FunctionDev/CharacterControllerDemo/PlayerCollisionCapability.cs,mCollideAndSlideDebugger,private/protected/internal field should start with m_
Assets/Demos/FunctionDev/CharacterControllerDemo/PlayerCollisionCapability.cs,mOriginalVelocity,private/protected/internal field should start with m_
Assets/Demos/FunctionDev/CharacterControllerDemo/PlayerCollisionCapability.cs,mNewVelocity,private/protected/internal field should start with m_
Assets/Demos/FunctionDev/CharacterControllerDemo/PlayerMovementComponent.Unity.cs,mRigidbody,private/protected/internal field should start with m_
Assets/Demos/FunctionDev/CharacterControllerDemo/PlayerMovementComponent.Unity.cs,mCollider,private/protected/internal field should start with m_
Assets/Demos/FunctionDev/CharacterControllerDemo/PlayerMovementComponent.Unity.cs,mCollisionEnterSubscription,private/protected/internal field should start with m_
Assets/Demos/FunctionDev/CharacterControllerDemo/PlayerMovementComponent.Unity.cs,mCollisionExitSubscription,private/protected/internal field should start with m_
Assets/Demos/FunctionDev/CharacterControllerDemo/PlayerMovementComponent.Unity.cs,mCollisionStaySubscription,private/protected/internal field should start with m_
Assets/Demos/FunctionDev/CharacterControllerDemo/CollideAndSlideDebugger.cs,mCurrentHit,private/protected/internal field should start with m_
Assets/Demos/FunctionDev/CharacterControllerDemo/CollideAndSlideDebugger.cs,mCastOrigin,private/protected/internal field should start with m_
Assets/Demos/FunctionDev/CharacterControllerDemo/CollideAndSlideDebugger.cs,mCastDirection,private/protected/internal field should start with m_
Assets/Demos/FunctionDev/CharacterControllerDemo/CollideAndSlideDebugger.cs,mCastDistance,private/protected/internal field should start with m_
Assets/Demos/FunctionDev/CharacterControllerDemo/CollideAndSlideDebugger.cs,mCapsuleSize,private/protected/internal field should start with m_
Assets/Demos/FunctionDev/CharacterControllerDemo/CollideAndSlideDebugger.cs,mCapsuleDirection,private/protected/internal field should start with m_
Assets/Demos/FunctionDev/CharacterControllerDemo/CollideAndSlideDebugger.cs,mHasHit,private/protected/internal field should start with m_
Assets/Demos/FunctionDev/CharacterControllerDemo/CollideAndSlideDebugger.cs,mOriginalVelocity,private/protected/internal field should start with m_
Assets/Demos/FunctionDev/CharacterControllerDemo/CollideAndSlideDebugger.cs,mNewVelocity,private/protected/internal field should start with m_
Assets/Demos/FunctionDev/FpDemo/FpSample.cs,runExamplesOnStart,private/protected/internal field should start with m_
Assets/Rendering/RainRust/RenderPasses/RainRustContextData.cs,odd,private/protected/internal field should start with m_
Assets/Rendering/RainRust/RenderPasses/RainRustContextData.cs,even,private/protected/internal field should start with m_
Assets/Rendering/RainRust/RenderPasses/RainRustRayTracingPass.cs,material,private/protected/internal field should start with m_
Assets/Rendering/RainRust/RenderPasses/RainRustRayTracingPass.cs,mainRtHandle,private/protected/internal field should start with m_
Assets/Rendering/RainRust/RenderPasses/RainRustRayTracingPass.cs,distanceRtHandle,private/protected/internal field should start with m_
Assets/Rendering/RainRust/RenderPasses/RainRustRayTracingPass.cs,lightingRtHandle,private/protected/internal field should start with m_
Assets/Rendering/RainRust/RenderPasses/RainRustRayTracingPass.cs,noiseTextureHandle,private/protected/internal field should start with m_
Assets/Rendering/RainRust/RenderPasses/RainRustRayTracingPass.cs,aspect,private/protected/internal field should start with m_
Assets/Rendering/RainRust/RenderPasses/RainRustRayTracingPass.cs,noiseTilingOffset,private/protected/internal field should start with m_
Assets/Rendering/RainRust/RenderPasses/RainRustRayTracingPass.cs,rayCount,private/protected/internal field should start with m_
Assets/Rendering/RainRust/RenderPasses/RainRustRayTracingPass.cs,intensity,private/protected/internal field should start with m_
Assets/Rendering/RainRust/RenderPasses/RainRustRayTracingPass.cs,power,private/protected/internal field should start with m_
Assets/GameMain/Scripts/RunTime/UI/MainMenuController.cs,_document,private/protected/internal field should start with m_
Assets/GameMain/Scripts/RunTime/UI/MainMenuController.cs,_mainMenuScreen,private/protected/internal field should start with m_
Assets/GameMain/Scripts/RunTime/UI/MainMenuController.cs,_saveSlotScreen,private/protected/internal field should start with m_
Assets/GameMain/Scripts/RunTime/UI/MainMenuController.cs,_settingsScreen,private/protected/internal field should start with m_
Assets/GameMain/Scripts/RunTime/UI/MainMenuController.cs,_startNewGameButton,private/protected/internal field should start with m_
Assets/GameMain/Scripts/RunTime/UI/MainMenuController.cs,_continueButton,private/protected/internal field should start with m_
Assets/GameMain/Scripts/RunTime/UI/MainMenuController.cs,_settingsButton,private/protected/internal field should start with m_
Assets/GameMain/Scripts/RunTime/UI/MainMenuController.cs,_quitButton,private/protected/internal field should start with m_
Assets/GameMain/Scripts/RunTime/UI/MainMenuController.cs,_createNewSlotButton,private/protected/internal field should start with m_
Assets/GameMain/Scripts/RunTime/UI/MainMenuController.cs,_slotContainer,private/protected/internal field should start with m_
Assets/GameMain/Scripts/RunTime/UI/MainMenuController.cs,_backFromSaveButton,private/protected/internal field should start with m_
Assets/GameMain/Scripts/RunTime/UI/MainMenuController.cs,_renameOverlay,private/protected/internal field should start with m_
Assets/GameMain/Scripts/RunTime/UI/MainMenuController.cs,_renameTextField,private/protected/internal field should start with m_
Assets/GameMain/Scripts/RunTime/UI/MainMenuController.cs,_renameConfirmButton,private/protected/internal field should start with m_
Assets/GameMain/Scripts/RunTime/UI/MainMenuController.cs,_renameCancelButton,private/protected/internal field should start with m_
Assets/GameMain/Scripts/RunTime/UI/MainMenuController.cs,_slotToRename,private/protected/internal field should start with m_
Assets/GameMain/Scripts/RunTime/UI/MainMenuController.cs,_isNewGameMode,private/protected/internal field should start with m_
Assets/GameMain/Scripts/RunTime/GameCoreSystems/LevelManager/LevelRoom.cs,_cameraMode,private/protected/internal field should start with m_
Assets/GameMain/Scripts/RunTime/GameCoreSystems/LevelManager/LevelRoom.cs,_borderBounds,private/protected/internal field should start with m_
Assets/GameMain/Scripts/RunTime/GameCoreSystems/LevelManager/LevelRoom.cs,_virtualCamera,private/protected/internal field should start with m_
Assets/GameMain/Scripts/RunTime/GameCoreSystems/LevelManager/LevelRoom.cs,_neighbors,private/protected/internal field should start with m_
Assets/GameMain/Scripts/RunTime/GamePlay/PlayerControl/PlayerStMachineDash.cs,DashPlayerOffsetPos,private/protected/internal field should start with m_
Assets/GameMain/Scripts/RunTime/GamePlay/PlayerControl/PlayerStMachineDash.cs,DashDir,private/protected/internal field should start with m_
Assets/GameMain/Scripts/RunTime/GamePlay/PlayerControl/PlayerControlCapabilityBase.cs,mPCComponent,private/protected/internal field should start with m_
Assets/GameMain/Scripts/RunTime/GamePlay/PlayerControl/PlayerControlCapabilityBase.cs,mBoxCollision,private/protected/internal field should start with m_
Assets/GameMain/Scripts/RunTime/GamePlay/PlayerControl/PlayerControlCapabilityBase.cs,IsOnGround,private/protected/internal field should start with m_
Assets/GameMain/Scripts/RunTime/GamePlay/PlayerControl/PlayerControlCapabilityBase.cs,IsJumping,private/protected/internal field should start with m_
Assets/GameMain/Scripts/RunTime/GamePlay/PlayerControl/PlayerControlCapabilityBase.cs,InputJump,private/protected/internal field should start with m_
Assets/GameMain/Scripts/RunTime/GamePlay/PlayerControl/PlayerControlCapabilityBase.cs,InputAct,private/protected/internal field should start with m_
Assets/GameMain/Scripts/RunTime/GamePlay/PlayerControl/PlayerControlCapabilityBase.cs,JumpSpeedY,private/protected/internal field should start with m_
Assets/GameMain/Scripts/RunTime/GamePlay/PlayerControl/PlayerControlCapabilityBase.cs,JumpBoostSpeedX,private/protected/internal field should start with m_
Assets/GameMain/Scripts/RunTime/GamePlay/PlayerControl/PlayerControlCapabilityBase.cs,MinJumpTime,private/protected/internal field should start with m_
Assets/GameMain/Scripts/RunTime/GamePlay/PlayerControl/PlayerControlCapabilityBase.cs,MaxJumpTime,private/protected/internal field should start with m_
Assets/GameMain/Scripts/RunTime/GamePlay/PlayerControl/PlayerControlCapabilityBase.cs,PreJumpInputTime,private/protected/internal field should start with m_
Assets/GameMain/Scripts/RunTime/GamePlay/PlayerControl/PlayerControlCapabilityBase.cs,CoyoteJumpInputTime,private/protected/internal field should start with m_
Assets/GameMain/Scripts/RunTime/GamePlay/PlayerControl/PlayerControlCapabilityBase.cs,MaxSpeedX,private/protected/internal field should start with m_
Assets/GameMain/Scripts/RunTime/GamePlay/PlayerControl/PlayerControlCapabilityBase.cs,AccX,private/protected/internal field should start with m_
Assets/GameMain/Scripts/RunTime/GamePlay/PlayerControl/PlayerControlCapabilityBase.cs,OverReduceX,private/protected/internal field should start with m_
Assets/GameMain/Scripts/RunTime/GamePlay/PlayerControl/PlayerControlCapabilityBase.cs,AirAccMultX,private/protected/internal field should start with m_
Assets/GameMain/Scripts/RunTime/GamePlay/PlayerControl/PlayerControlCapabilityBase.cs,MoveX,private/protected/internal field should start with m_
Assets/GameMain/Scripts/RunTime/GamePlay/PlayerControl/PlayerControlCapabilityBase.cs,MaxFallSpeedY,private/protected/internal field should start with m_
Assets/GameMain/Scripts/RunTime/GamePlay/PlayerControl/PlayerControlCapabilityBase.cs,GravityAccY,private/protected/internal field should start with m_
Assets/GameMain/Scripts/RunTime/GamePlay/PlayerControl/PlayerControlCapabilityBase.cs,LowGravThresholdSpeedY,private/protected/internal field should start with m_
Assets/GameMain/Scripts/RunTime/GamePlay/PlayerControl/PlayerControlCapabilityBase.cs,LowGravMult,private/protected/internal field should start with m_
Assets/GameMain/Scripts/RunTime/GamePlay/PlayerControl/PlayerControlCapabilityBase.cs,PreThrowInputTimer,private/protected/internal field should start with m_
Assets/GameMain/Scripts/RunTime/GamePlay/PlayerControl/PlayerControlCapabilityBase.cs,ThrowStartTimer,private/protected/internal field should start with m_
Assets/GameMain/Scripts/RunTime/GamePlay/PlayerControl/PlayerControlCapabilityBase.cs,ThrowMoveTimer,private/protected/internal field should start with m_
Assets/GameMain/Scripts/RunTime/GamePlay/PlayerControl/PlayerControlCapabilityBase.cs,ThrowMoveVelocity,private/protected/internal field should start with m_
Assets/GameMain/Scripts/RunTime/GamePlay/PlayerControl/PlayerInputTemp.cs,mPCComponent,private/protected/internal field should start with m_
Assets/GameMain/Scripts/RunTime/GamePlay/PlayerControl/PlayerStateStartSet.cs,BeeAddSubscription,private/protected/internal field should start with m_
Assets/GameMain/Scripts/RunTime/GamePlay/PlayerControl/PlayerStateStartSet.cs,BeeRemoveSubscription,private/protected/internal field should start with m_
Assets/GameMain/Scripts/RunTime/GamePlay/PlayerControl/PlayerCollisionStartCheck.cs,HeadHitResults,private/protected/internal field should start with m_
Assets/GameMain/Scripts/RunTime/GamePlay/PlayerControl/PlayerCollisionStartCheck.cs,DownHitResults,private/protected/internal field should start with m_
Assets/GameMain/Scripts/RunTime/GamePlay/PlayerControl/PlayerCollisionStartCheck.cs,ColliderHitResults,private/protected/internal field should start with m_
Assets/GameMain/Scripts/RunTime/GamePlay/PlayerControl/PlayerCollisionStartCheck.cs,PlayerColliderOffsetX,private/protected/internal field should start with m_
Assets/GameMain/Scripts/RunTime/GamePlay/PlayerControl/PlayerCollisionStartCheck.cs,PlayerHeadColliderOffsetY,private/protected/internal field should start with m_
Assets/GameMain/Scripts/RunTime/GamePlay/PlayerControl/PlayerCollisionStartCheck.cs,PlayerFootColliderOffsetY,private/protected/internal field should start with m_
Assets/GameMain/Scripts/RunTime/GamePlay/PlayerControl/PlayerCollisionStartCheck.cs,PlayerColliderOffsetUpY,private/protected/internal field should start with m_
Assets/GameMain/Scripts/RunTime/GamePlay/PlayerControl/PlayerCollisionStartCheck.cs,HorizontalDistance,private/protected/internal field should start with m_
Assets/GameMain/Scripts/RunTime/GamePlay/PlayerControl/PlayerCollisionStartCheck.cs,VerticalDistance,private/protected/internal field should start with m_
Assets/GameMain/Scripts/RunTime/GamePlay/PlayerControl/PlayerControlComponent.Unity.cs,mCollisionEnterSubscription,private/protected/internal field should start with m_
Assets/GameMain/Scripts/RunTime/GamePlay/PlayerControl/PlayerControlComponent.Unity.cs,mCollisionExitSubscription,private/protected/internal field should start with m_
Assets/GameMain/Scripts/RunTime/GamePlay/PlayerControl/PlayerControlComponent.Unity.cs,mCollisionStaySubscription,private/protected/internal field should start with m_
Assets/GameMain/Scripts/RunTime/GamePlay/PlayerControl/PlayerControlComponent.Unity.cs,mTriggerEnterSubscription,private/protected/internal field should start with m_
Assets/GameMain/Scripts/RunTime/GamePlay/PlayerControl/PlayerControlComponent.Unity.cs,mTriggerStaySubscription,private/protected/internal field should start with m_
Assets/GameMain/Scripts/RunTime/GamePlay/PlayerControl/PlayerStateEndSet.cs,ctrlVelocity,private/protected/internal field should start with m_
Assets/GameMain/Scripts/RunTime/GamePlay/PlayerControl/PlayerStateEndSet.cs,extraVelocity,private/protected/internal field should start with m_
Assets/GameMain/Scripts/RunTime/GamePlay/PlayerControl/TempHookControl.cs,rb,private/protected/internal field should start with m_
Assets/GameMain/Scripts/RunTime/GamePlay/PlayerControl/TempHookControl.cs,tempRope,private/protected/internal field should start with m_
Assets/GameMain/Scripts/RunTime/GamePlay/PlayerControl/PlayerStMachineThrow.cs,BeeToThrow,private/protected/internal field should start with m_
Assets/GameMain/Scripts/RunTime/GamePlay/PlayerControl/PlayerStMachineThrow.cs,ThrowStartPosition,private/protected/internal field should start with m_
Assets/GameMain/Scripts/RunTime/GamePlay/PlayerControl/PlayerStMachineThrow.cs,TempHC,private/protected/internal field should start with m_
Assets/GameMain/Scripts/RunTime/GamePlay/PlayerControl/PlayerStMachineThrow.cs,IsHookThing,private/protected/internal field should start with m_
Assets/GameMain/Scripts/RunTime/GamePlay/SnakeGame/PlayerSnake.cs,lastRandomIndex,private/protected/internal field should start with m_
Assets/GameMain/Scripts/RunTime/GamePlay/Entities/PlatformerGame/MovePlatformer/MovePlatformer.cs,MoveSpeed,private/protected/internal field should start with m_
Assets/GameMain/Scripts/RunTime/GamePlay/Entities/PlatformerGame/MovePlatformer/MovePlatformer.cs,WaitTime,private/protected/internal field should start with m_
Assets/GameMain/Scripts/RunTime/GamePlay/Entities/PlatformerGame/MovePlatformer/MovePlatformer.cs,AutoStart,private/protected/internal field should start with m_
Assets/GameMain/Scripts/RunTime/GamePlay/Entities/PlatformerGame/MovePlatformer/MovePlatformer.cs,PathPoints,private/protected/internal field should start with m_
Assets/GameMain/Scripts/RunTime/GamePlay/PlayerControl/Checkpoint/CheckpointAnimTemp.cs,anim,private/protected/internal field should start with m_
Assets/GameMain/Scripts/RunTime/GamePlay/PlayerControl/Checkpoint/MatCheckpointControl.cs,WavePre,private/protected/internal field should start with m_
Assets/GameMain/Scripts/RunTime/GamePlay/PlayerControl/Checkpoint/MatCheckpointControl.cs,isBloom,private/protected/internal field should start with m_
Assets/GameMain/Scripts/RunTime/GamePlay/PlayerControl/Checkpoint/MatCheckpointControl.cs,isChecking,private/protected/internal field should start with m_
Assets/GameMain/Scripts/RunTime/GamePlay/PlayerControl/Checkpoint/MatCheckpointControl.cs,mAnimator,private/protected/internal field should start with m_
Assets/GameMain/Scripts/RunTime/GamePlay/PlayerControl/ThornPlatform/MatThornPlatformControl.cs,renderTransform,private/protected/internal field should start with m_
Assets/GameMain/Scripts/RunTime/GamePlay/PlayerControl/ThornPlatform/MatThornPlatformControl.cs,isPlatform,private/protected/internal field should start with m_
Assets/GameMain/Scripts/RunTime/GamePlay/PlayerControl/ThornPlatform/MatThornPlatformControl.cs,isPlayerOn,private/protected/internal field should start with m_
Assets/GameMain/Scripts/RunTime/GamePlay/PlayerControl/ThornPlatform/MatThornPlatformControl.cs,platformSize,private/protected/internal field should start with m_
Assets/GameMain/Scripts/RunTime/GamePlay/PlayerControl/ThornPlatform/MatThornPlatformControl.cs,thornPlusSize,private/protected/internal field should start with m_
Assets/GameMain/Scripts/RunTime/GamePlay/PlayerControl/ThornPlatform/MatThornPlatformControl.cs,KeepTime,private/protected/internal field should start with m_
Assets/GameMain/Scripts/RunTime/GamePlay/PlayerControl/ThornPlatform/MatThornPlatformControl.cs,ShakeTime,private/protected/internal field should start with m_
Assets/GameMain/Scripts/RunTime/GamePlay/PlayerControl/ThornPlatform/MatThornPlatformControl.cs,shakeTimer,private/protected/internal field should start with m_
Assets/GameMain/Scripts/RunTime/GamePlay/PlayerControl/ThornPlatform/MatThornPlatformControl.cs,initialPosition,private/protected/internal field should start with m_
Assets/GameMain/Scripts/RunTime/GamePlay/PlayerControl/Vine/MatVineControl.cs,isVerticalFirst,private/protected/internal field should start with m_
Assets/GameMain/Scripts/RunTime/GamePlay/PlayerControl/Vine/MatVineControl.cs,originalScale,private/protected/internal field should start with m_
Assets/GameMain/Scripts/RunTime/GamePlay/PlayerControl/Vine/MatVineControl.cs,KeepUnfoldTime,private/protected/internal field should start with m_
Assets/GameMain/Scripts/RunTime/GamePlay/PlayerControl/Vine/MatVineControl.cs,KeepUnfoldTimer,private/protected/internal field should start with m_
Assets/GameMain/Scripts/RunTime/GamePlay/PlayerControl/Vine/MatVineControl.cs,shakeTime,private/protected/internal field should start with m_
Assets/GameMain/Scripts/RunTime/GamePlay/PlayerControl/Vine/MatVineControl.cs,long_BoxCollider,private/protected/internal field should start with m_
Assets/GameMain/Scripts/RunTime/GamePlay/PlayerControl/Vine/MatVineControl.cs,renderTransform,private/protected/internal field should start with m_
Assets/GameMain/Scripts/RunTime/GamePlay/PlayerControl/Vine/MatVineControl.cs,initialPosition,private/protected/internal field should start with m_
Assets/GameMain/Scripts/RunTime/GamePlay/PlayerControl/Vine/MatVineControl.cs,isUnfold,private/protected/internal field should start with m_
Assets/GameMain/Scripts/RunTime/GamePlay/PlayerControl/Vine/MatVineControl.cs,shakeTimer,private/protected/internal field should start with m_
Assets/GameMain/Scripts/RunTime/GamePlay/PlayerControl/BeeControl/BeeMainControl.cs,player,private/protected/internal field should start with m_
Assets/GameMain/Scripts/RunTime/GamePlay/PlayerControl/BeeControl/BeeMainControl.cs,PlayerPosition,private/protected/internal field should start with m_
Assets/GameMain/Scripts/RunTime/GamePlay/PlayerControl/BeeControl/BeeMainControl.cs,_timeX,private/protected/internal field should start with m_
Assets/GameMain/Scripts/RunTime/GamePlay/PlayerControl/BeeControl/BeeMainControl.cs,_timeY,private/protected/internal field should start with m_
Assets/GameMain/Scripts/RunTime/GamePlay/PlayerControl/BeeControl/BeeMainControl.cs,StayToFollowCdTimer,private/protected/internal field should start with m_
Assets/GameMain/Scripts/RunTime/GamePlay/PlayerControl/BeeControl/BeeMainControl.cs,myUniqueVar,private/protected/internal field should start with m_
Assets/GameMain/Scripts/RunTime/GamePlay/PlayerControl/BeeControl/BeeAnim.cs,anim,private/protected/internal field should start with m_
Assets/GameMain/Scripts/RunTime/GamePlay/PlayerControl/BeeControl/BeeAnim.cs,bmc,private/protected/internal field should start with m_
Assets/GameMain/Scripts/RunTime/GamePlay/PlayerControl/Effect/ParticleEffectInstance.cs,_childParticles,private/protected/internal field should start with m_
Assets/GameMain/Scripts/RunTime/GamePlay/PlayerControl/Effect/ParticleEffectInstance.cs,_myPool,private/protected/internal field should start with m_
Assets/GameMain/Scripts/RunTime/GamePlay/PlayerControl/Effect/ParticleEffectInstance.cs,_isInitialized,private/protected/internal field should start with m_
Assets/GameMain/Scripts/RunTime/GamePlay/PlayerControl/Effect/ParticleEffectInstance.cs,_timer,private/protected/internal field should start with m_
Assets/GameMain/Scripts/RunTime/GamePlay/PlayerControl/WaveControl/WaveLife.cs,spriteRenderer,private/protected/internal field should start with m_
Assets/GameMain/Scripts/RunTime/GamePlay/PlayerControl/WaveControl/WaveLife.cs,timer,private/protected/internal field should start with m_
Assets/GameMain/Scripts/RunTime/GamePlay/PlayerControl/WaveControl/WaveLife.cs,_pool,private/protected/internal field should start with m_
Assets/GameMain/Scripts/RunTime/GamePlay/PlayerControl/WaveControl/WaveLife.cs,ThickMult,private/protected/internal field should start with m_
Assets/GameMain/Scripts/RunTime/GamePlay/PlayerControl/WaveControl/ZoneWaveControl.cs,spriteRenderer,private/protected/internal field should start with m_
Assets/GameMain/Scripts/RunTime/GamePlay/PlayerControl/WaveControl/ZoneWaveControl.cs,timer,private/protected/internal field should start with m_
Assets/GameMain/Scripts/RunTime/GamePlay/PlayerControl/WaveControl/ZoneWaveControl.cs,initialScale,private/protected/internal field should start with m_
Assets/GameMain/Scripts/RunTime/GamePlay/PlayerControl/WaveControl/WavePoolManager.cs,wavePrefab,private/protected/internal field should start with m_
Assets/GameMain/Scripts/RunTime/GamePlay/PlayerControl/WaveControl/WavePoolManager.cs,defaultSize,private/protected/internal field should start with m_
Assets/GameMain/Scripts/RunTime/GamePlay/PlayerControl/WaveControl/WavePoolManager.cs,maxSize,private/protected/internal field should start with m_
Assets/GameMain/Scripts/RunTime/GamePlay/PlayerControl/WaveControl/WavePoolManager.cs,_pool,private/protected/internal field should start with m_
Assets/GameMain/Scripts/RunTime/GamePlay/PlayerControl/MatDoor/MatDoorControl.cs,LockCount,private/protected/internal field should start with m_
Assets/GameMain/Scripts/RunTime/GamePlay/PlayerControl/MatDoor/MatDoorControl.cs,isUnlock,private/protected/internal field should start with m_
Assets/GameMain/Scripts/RunTime/GamePlay/PlayerControl/MatDoor/MatDoorControl.cs,isCanClose,private/protected/internal field should start with m_
Assets/GameMain/Scripts/RunTime/GamePlay/PlayerControl/MatDoor/MatDoorControl.cs,ColdDownTime,private/protected/internal field should start with m_
Assets/GameMain/Scripts/RunTime/GamePlay/PlayerControl/MatDoor/MatDoorControl.cs,ColdDownTimer,private/protected/internal field should start with m_
Assets/GameMain/Scripts/RunTime/GamePlay/PlayerControl/MatDoor/MatDoorControl.cs,CloseDownTime,private/protected/internal field should start with m_
Assets/GameMain/Scripts/RunTime/GamePlay/PlayerControl/MatDoor/MatDoorControl.cs,CloseDownTimer,private/protected/internal field should start with m_
Assets/GameMain/Scripts/RunTime/GamePlay/PlayerControl/MatDoor/MatDoorControl.cs,doorRenderer,private/protected/internal field should start with m_
Assets/GameMain/Scripts/RunTime/GamePlay/PlayerControl/MatDoor/MatDoorControl.cs,lineRender,private/protected/internal field should start with m_
Assets/GameMain/Scripts/RunTime/GamePlay/PlayerControl/MatDoor/MatDoorControl.cs,processedWaveIDs,private/protected/internal field should start with m_
Assets/GameMain/Scripts/RunTime/GamePlay/PlayerControl/Ore/MatOreControl.cs,isVerticalFirst,private/protected/internal field should start with m_
Assets/GameMain/Scripts/RunTime/GamePlay/PlayerControl/Ore/MatOreControl.cs,WavePre,private/protected/internal field should start with m_
Assets/GameMain/Scripts/RunTime/GamePlay/PlayerControl/Ore/MatOreControl.cs,ColdDownTime,private/protected/internal field should start with m_
Assets/GameMain/Scripts/RunTime/GamePlay/PlayerControl/Ore/MatOreControl.cs,ColdDownTimer,private/protected/internal field should start with m_
Assets/GameMain/Scripts/RunTime/GamePlay/PlayerControl/Ore/MatOreControl.cs,originalScale,private/protected/internal field should start with m_
Assets/GameMain/Scripts/RunTime/GamePlay/PlayerControl/Ore/MatOreControl.cs,isOn,private/protected/internal field should start with m_
Assets/GameMain/Scripts/RunTime/GamePlay/PlayerControl/Ore/MatOreControl.cs,childRenderer,private/protected/internal field should start with m_
Assets/GameMain/Scripts/RunTime/GamePlay/PlayerControl/Ore/MatOreControl.cs,fadeCoroutine,private/protected/internal field should start with m_
Assets/GameMain/Scripts/RunTime/GamePlay/PlayerControl/OrchidCollection/MatCollectionControl.cs,isBloom,private/protected/internal field should start with m_
Assets/Core/Input/InputEvents.cs,bufferTime,private/protected/internal field should start with m_
Assets/Core/FP/Result.cs,mValue,private/protected/internal field should start with m_
Assets/Core/FP/Result.cs,mError,private/protected/internal field should start with m_
Assets/Core/Container/PriorityQueue.cs,mComparer,private/protected/internal field should start with m_
Assets/Core/Container/PriorityQueue.cs,mSyncRoot,private/protected/internal field should start with m_
Assets/Core/Common/FramedFloat.cs,seconds,private/protected/internal field should start with m_
Assets/Core/Common/FramedFloat.cs,frames,private/protected/internal field should start with m_
Assets/Core/Command/AbastractManagerCommand.cs,Manager,private/protected/internal field should start with m_
Assets/Core/Common/StateMachine/StateMachine.cs,component,private/protected/internal field should start with m_
Assets/Core/Common/StateMachine/StateMachine.cs,rootDriver,private/protected/internal field should start with m_
Assets/Core/Common/StateMachine/StateMachine.cs,isInTransition,private/protected/internal field should start with m_
Assets/Core/Common/StateMachine/StateMachine.cs,currentTransition,private/protected/internal field should start with m_
Assets/Core/Common/StateMachine/StateMachine.cs,exitRoutine,private/protected/internal field should start with m_
Assets/Core/Common/StateMachine/StateMachine.cs,enterRoutine,private/protected/internal field should start with m_
Assets/Core/Common/StateMachine/StateMachine.cs,queuedChange,private/protected/internal field should start with m_
Assets/Core/Common/StateMachine/StateMachineRunner.cs,stateMachineList,private/protected/internal field should start with m_
Assets/Core/Common/StateMachine/StateMapping.cs,stateProviderCallback,private/protected/internal field should start with m_
Assets/Core/Common/SerializedScriptableObject/VgSerializedScriptableObject.cs,serializationData,private/protected/internal field should start with m_
Assets/Core/Common/StateMachine/Events/StateEvent.cs,getStateInt,private/protected/internal field should start with m_
Assets/Core/Common/StateMachine/Events/StateEvent.cs,isInvokeAllowed,private/protected/internal field should start with m_
Assets/Core/Common/StateMachine/Events/StateEvent.cs,routingTable,private/protected/internal field should start with m_
Assets/Core/Common/StateMachine/Events/StateEvent.cs,getStateInt,private/protected/internal field should start with m_
Assets/Core/Common/StateMachine/Events/StateEvent.cs,isInvokeAllowed,private/protected/internal field should start with m_
Assets/Core/Common/StateMachine/Events/StateEvent.cs,routingTable,private/protected/internal field should start with m_
Assets/Core/Common/StateMachine/Events/StateEvent.cs,getStateInt,private/protected/internal field should start with m_
Assets/Core/Common/StateMachine/Events/StateEvent.cs,isInvokeAllowed,private/protected/internal field should start with m_
