tag,date
v0.0.1-test,2026-04-12 04:04:47 +0800
v0.0.1-test1,2026-04-12 04:22:35 +0800
v0.0.1-test2,2026-04-12 04:34:19 +0800
v0.0.1-test3,2026-04-12 04:55:43 +0800
v0.0.1-test4,2026-04-12 05:17:30 +0800
v0.0.1-test5,2026-04-12 05:46:36 +0800
v0.0.1-test6,2026-04-12 06:00:21 +0800
v0.4.1,2026-04-12 07:19:42 +0800
v0.4.2-release,2026-04-12 19:04:36 +0800
v0.4.3-release,2026-04-12 20:56:48 +0800
v0.4.4-release,2026-04-12 22:21:43 +0800
v0.4.5-release,2026-04-12 22:39:05 +0800
v0.4.6-release,2026-04-12 22:39:05 +0800
v0.4.7-release,2026-04-21 21:02:22 +0800
v0.5.0-release,2026-05-07 18:51:04 +0800
v0.5.1-release,2026-05-07 20:24:58 +0800
v0.5.2-release,2026-05-07 20:48:18 +0800
v0.5.4-Release,2026-05-07 22:15:24 +0800
v0.5.5-Release,2026-05-07 23:42:27 +0800
