number,title,state,merged,draft,author,created_at,closed_at,merged_at,lead_time_hours,commits,additions,deletions,changed_files,base,head,labels,topic,review_decision,source
351,Stats,merged_inferred,True,False,Vanish,,2026-06-18T03:58:01+08:00,2026-06-18T03:58:01+08:00,,1,133754,0,44,,,,Docs/Stats,,git_subject_inferred
350,Introduce shared game identifiers and standardize startup constants,merged_inferred,True,False,Vanish,,2026-06-18T02:22:20+08:00,2026-06-18T02:22:20+08:00,,1,34,7,9,,,,Assets/Art,,git_subject_inferred
348,Vanish/menu UI,merged_inferred,True,False,Vanish,,2026-06-18T02:07:22+08:00,2026-06-18T02:07:22+08:00,,1,1276,91,22,,,,UI,,git_subject_inferred
345,111,merged_inferred,True,False,likoko,,2026-06-06T22:11:02+08:00,2026-06-06T22:11:02+08:00,,1,13961,1068,6,,,,Other,,git_subject_inferred
344,1,merged_inferred,True,False,OriSYX,,2026-06-05T14:43:45+08:00,2026-06-05T14:43:45+08:00,,1,1524,30,12,,,,Other,,git_subject_inferred
342,5.20 project,merged_inferred,True,False,OriSYX,,2026-06-01T00:07:22+08:00,2026-06-01T00:07:22+08:00,,1,34792,55974,50,,,,Other,,git_subject_inferred
341,mistery fog,merged_inferred,True,False,Vanish,,2026-06-01T18:45:08+08:00,2026-06-01T18:45:08+08:00,,1,119,0,7,,,,Other,,git_subject_inferred
340,Make Urp Embeded and add new overlap operation mode: Use Max,merged_inferred,True,False,Vanish,,2026-05-28T18:32:31+08:00,2026-05-28T18:32:31+08:00,,1,315142,40,2739,,,,Other,,git_subject_inferred
337, 一些贪吃蛇数据加载,merged_inferred,True,False,Vanish,,2026-05-25T19:11:45+08:00,2026-05-25T19:11:45+08:00,,1,506,39,20,,,,Other,,git_subject_inferred
334,change snake move mode,merged_inferred,True,False,Vanish,,2026-05-25T00:08:02+08:00,2026-05-25T00:08:02+08:00,,1,9,12,1,,,,Other,,git_subject_inferred
331,RainRust 光照: 修复 alpha 语义不一致 + Debug 可视化,merged_inferred,True,False,Vanish,,2026-05-22T20:36:58+08:00,2026-05-22T20:36:58+08:00,,1,626,44,16,,,,Bug/Fix,,git_subject_inferred
328,Super Text,merged_inferred,True,False,Vanish,,2026-05-18T19:52:27+08:00,2026-05-18T19:52:27+08:00,,1,1497,42,48,,,,Other,,git_subject_inferred
320,333,merged_inferred,True,False,OriSYX,,2026-05-08T01:22:20+08:00,2026-05-08T01:22:20+08:00,,1,9157,757,31,,,,Other,,git_subject_inferred
319,"Add Lights""",merged_inferred,True,False,Vanish,,2026-05-07T23:21:48+08:00,2026-05-07T23:21:48+08:00,,1,50,0,10,,,,Rendering,,git_subject_inferred
316,Vanish/fuck unity,merged_inferred,True,False,Vanish,,2026-05-07T20:35:06+08:00,2026-05-07T20:35:06+08:00,,1,1453,490,89,,,,Other,,git_subject_inferred
315,加了一些植物,merged_inferred,True,False,likoko,,2026-05-07T18:51:04+08:00,2026-05-07T18:51:04+08:00,,1,6835,962,15,,,,Other,,git_subject_inferred
314,Oris Update,merged_inferred,True,False,Vanish,,2026-05-07T16:48:20+08:00,2026-05-07T16:48:20+08:00,,1,17849,2493,79,,,,Other,,git_subject_inferred
312,Likoko/5.6,merged_inferred,True,False,likoko,,2026-05-07T16:23:41+08:00,2026-05-07T16:23:41+08:00,,1,889,8,16,,,,Other,,git_subject_inferred
311,Likoko/5.6,merged_inferred,True,False,likoko,,2026-05-07T01:44:42+08:00,2026-05-07T01:44:42+08:00,,1,16311,2402,43,,,,Other,,git_subject_inferred
310,4.29 project,merged_inferred,True,False,OriSYX,,2026-05-06T21:26:02+08:00,2026-05-06T21:26:02+08:00,,1,17,63,2,,,,Other,,git_subject_inferred
309,4.29 project,merged_inferred,True,False,OriSYX,,2026-05-06T20:25:20+08:00,2026-05-06T20:25:20+08:00,,1,44094,23638,265,,,,Other,,git_subject_inferred
305,feat & refactor: 实现声纳阻挡系统、重构 Loading Splash 体系及优化玩家能力逻辑,merged_inferred,True,False,Vanish,,2026-05-03T07:47:35+08:00,2026-05-03T07:47:35+08:00,,1,1400,706,84,,,,Refactor,,git_subject_inferred
294,4.26 project,merged_inferred,True,False,OriSYX,,2026-04-27T20:37:27+08:00,2026-04-27T20:37:27+08:00,,1,4343,1019,22,,,,Other,,git_subject_inferred
290,4.26 new start,merged_inferred,True,False,OriSYX,,2026-04-26T17:15:28+08:00,2026-04-26T17:15:28+08:00,,1,9474,664,100,,,,Assets/Art,,git_subject_inferred
285,贪吃蛇,merged_inferred,True,False,Vanish,,2026-04-24T22:28:44+08:00,2026-04-24T22:28:44+08:00,,1,8714,21386,739,,,,Other,,git_subject_inferred
284,4.17 project,merged_inferred,True,False,OriSYX,,2026-04-24T00:14:57+08:00,2026-04-24T00:14:57+08:00,,1,17227,15498,732,,,,Other,,git_subject_inferred
280,增加了光源阻挡,merged_inferred,True,False,Vanish,,2026-04-21T21:02:22+08:00,2026-04-21T21:02:22+08:00,,1,10,2,1,,,,Other,,git_subject_inferred
279,修好了一个蠢bug,merged_inferred,True,False,Vanish,,2026-04-21T20:41:51+08:00,2026-04-21T20:41:51+08:00,,1,124,121,39,,,,Bug/Fix,,git_subject_inferred
274,add some lights,merged_inferred,True,False,likoko,,2026-04-20T00:32:46+08:00,2026-04-20T00:32:46+08:00,,1,319,16,10,,,,Rendering,,git_subject_inferred
266,feat: WebGL 构建 + GitHub Pages 部署 + CI/CD 修复 (#266),merged_inferred,True,False,Vanish,,2026-04-12T19:04:36+08:00,2026-04-12T19:04:36+08:00,,1,1572,203,13,,,,Build/CI,,git_subject_inferred
263,feat: transition to RainRust project & refactor CI/CD/Core systems,merged_inferred,True,False,Vanish,,2026-04-12T07:18:16+08:00,2026-04-12T07:18:16+08:00,,1,5672,5083,171,,,,Refactor,,git_subject_inferred
254,feat: 实现 FMOD 音频系统 (VgAudioManager),merged_inferred,True,False,Vanish,,2026-04-10T10:40:10+08:00,2026-04-10T10:40:10+08:00,,1,293445,205674,2493,,,,Audio,,git_subject_inferred
251,Refactor Save System and Enhance LDtk Integration,merged_inferred,True,False,Vanish,,2026-04-08T21:44:01+08:00,2026-04-08T21:44:01+08:00,,1,2299,14254,89,,,,Refactor,,git_subject_inferred
250,咋这么多更改吓哭了,merged_inferred,True,False,likoko,,2026-04-08T20:10:40+08:00,2026-04-08T20:10:40+08:00,,1,192318,9,1924,,,,Other,,git_subject_inferred
242,Likoko/4.2bg,merged_inferred,True,False,likoko,,2026-04-02T19:45:27+08:00,2026-04-02T19:45:27+08:00,,1,466,78,27,,,,Other,,git_subject_inferred
239,237 hybird lighting solution,merged_inferred,True,False,Vanish,,2026-04-02T00:19:54+08:00,2026-04-02T00:19:54+08:00,,1,469,194,17,,,,Rendering,,git_subject_inferred
236,update,merged_inferred,True,False,Vanish,,2026-04-01T17:07:06+08:00,2026-04-01T17:07:06+08:00,,1,25,19,2,,,,Other,,git_subject_inferred
235,done,merged_inferred,True,False,Vanish,,2026-04-01T16:49:46+08:00,2026-04-01T16:49:46+08:00,,1,32,0,3,,,,Other,,git_subject_inferred
229,"Revert ""final after lfs installed (#229)""",merged_inferred,True,False,Vanish,,2026-03-27T01:37:28+08:00,2026-03-27T01:37:28+08:00,,1,595,6718,11,,,,Other,,git_subject_inferred
227,"Revert ""update ldtk (#227)""",merged_inferred,True,False,Vanish,,2026-03-27T01:30:03+08:00,2026-03-27T01:30:03+08:00,,1,552,6578,1,,,,Level/LDtk,,git_subject_inferred
225,"Revert ""update scene (#225)""",merged_inferred,True,False,Vanish,,2026-03-27T01:25:08+08:00,2026-03-27T01:25:08+08:00,,1,595,6718,11,,,,Level/LDtk,,git_subject_inferred
223,update,merged_inferred,True,False,Vanish,,2026-03-26T22:20:55+08:00,2026-03-26T22:20:55+08:00,,1,242,168,8,,,,Other,,git_subject_inferred
221,"Revert ""1 (#221)""",merged_inferred,True,False,Vanish,,2026-03-27T01:05:38+08:00,2026-03-27T01:05:38+08:00,,1,160732,184789,47,,,,Other,,git_subject_inferred
220,测试一下,merged_inferred,True,False,likoko,,2026-03-26T18:05:20+08:00,2026-03-26T18:05:20+08:00,,1,91,7,7,,,,Other,,git_subject_inferred
219,update,merged_inferred,True,False,Vanish,,2026-03-26T17:44:38+08:00,2026-03-26T17:44:38+08:00,,1,144,13,4,,,,Other,,git_subject_inferred
217,update,merged_inferred,True,False,OriSYX,,2026-03-26T07:02:30+08:00,2026-03-26T07:02:30+08:00,,1,287316,17119,220,,,,Other,,git_subject_inferred
215,Vanihs/lighting,merged_inferred,True,False,Vanish,,2026-03-26T02:04:50+08:00,2026-03-26T02:04:50+08:00,,1,991,84,32,,,,Rendering,,git_subject_inferred
213,Oris/3.24 project,merged_inferred,True,False,OriSYX,,2026-03-25T20:53:05+08:00,2026-03-25T20:53:05+08:00,,1,25998,945,63,,,,Other,,git_subject_inferred
209,butify,merged_inferred,True,False,Vanish,,2026-03-25T02:28:26+08:00,2026-03-25T02:28:26+08:00,,1,8778,449,98,,,,Other,,git_subject_inferred
206,crt effect,merged_inferred,True,False,Vanish,,2026-03-24T21:17:07+08:00,2026-03-24T21:17:07+08:00,,1,13,5,3,,,,Other,,git_subject_inferred
204,Vanish/fixing everything,merged_inferred,True,False,Vanish,,2026-03-24T21:04:45+08:00,2026-03-24T21:04:45+08:00,,1,330,86,18,,,,Bug/Fix,,git_subject_inferred
202,update,merged_inferred,True,False,Vanish,,2026-03-24T18:49:32+08:00,2026-03-24T18:49:32+08:00,,1,2,2,2,,,,Other,,git_subject_inferred
201,update[SKIP CICD],merged_inferred,True,False,Vanish,,2026-03-24T18:39:44+08:00,2026-03-24T18:39:44+08:00,,1,4,771,5,,,,Build/CI,,git_subject_inferred
199,"Revert ""update (#199)""",merged_inferred,True,False,Vanish,,2026-03-24T18:38:48+08:00,2026-03-24T18:38:48+08:00,,1,769,1,3,,,,Other,,git_subject_inferred
198,197 camera,merged_inferred,True,False,Vanish,,2026-03-24T09:23:50+08:00,2026-03-24T09:23:50+08:00,,1,4982,3275,124,,,,Rendering,,git_subject_inferred
196,178 level camera,merged_inferred,True,False,Vanish,,2026-03-24T02:46:21+08:00,2026-03-24T02:46:21+08:00,,1,152,49,12,,,,Rendering,,git_subject_inferred
195,Oris/3.22 project [SKIP CICD],merged_inferred,True,False,OriSYX,,2026-03-24T02:00:17+08:00,2026-03-24T02:00:17+08:00,,1,4490,774,13,,,,Build/CI,,git_subject_inferred
186,ruletile不显示的问题反馈,merged_inferred,True,False,OriSYX,,2026-03-24T00:50:08+08:00,2026-03-24T00:50:08+08:00,,1,2477,297,10,,,,Level/LDtk,,git_subject_inferred
185,174 background,merged_inferred,True,False,Vanish,,2026-03-24T01:05:27+08:00,2026-03-24T01:05:27+08:00,,1,1712,26,34,,,,Other,,git_subject_inferred
176,Update Scene,merged_inferred,True,False,OriSYX,,2026-03-22T16:32:18+08:00,2026-03-22T16:32:18+08:00,,1,1,1,1,,,,Level/LDtk,,git_subject_inferred
173,171 room manager,merged_inferred,True,False,Vanish,,2026-03-20T06:16:32+08:00,2026-03-20T06:16:32+08:00,,1,93410,1751,964,,,,Other,,git_subject_inferred
172,RainRust渲染纹理尺寸,merged_inferred,True,False,Vanish,,2026-03-18T18:53:04+08:00,2026-03-18T18:53:04+08:00,,1,47,38,2,,,,Other,,git_subject_inferred
170,169 ab tile,merged_inferred,True,False,Vanish,,2026-03-17T17:23:44+08:00,2026-03-17T17:23:44+08:00,,1,227,0,11,,,,Level/LDtk,,git_subject_inferred
139,feat: 添加任务清理与回收工作流，优化逾期任务检测逻辑,merged_inferred,True,False,Vanish,,2026-03-17T14:50:13+08:00,2026-03-17T14:50:13+08:00,,1,226,74,3,,,,Other,,git_subject_inferred
138,Oris/3.4 project,merged_inferred,True,False,OriSYX,,2026-03-17T00:01:58+08:00,2026-03-17T00:01:58+08:00,,1,16258,110,554,,,,Other,,git_subject_inferred
136,chore: 移除不再使用的com.boxqkrtm.ide.cursor依赖,merged_inferred,True,False,Vanish,,2026-03-16T19:21:26+08:00,2026-03-16T19:21:26+08:00,,1,0,10,2,,,,Other,,git_subject_inferred
135,fix: 更新Crt材质和场景文件的LFS引用,merged_inferred,True,False,Vanish,,2026-03-16T19:14:06+08:00,2026-03-16T19:14:06+08:00,,1,7,5,3,,,,Bug/Fix,,git_subject_inferred
134,feat: 添加CRT效果材质和着色器，更新渲染设置,merged_inferred,True,False,Vanish,,2026-03-16T18:50:30+08:00,2026-03-16T18:50:30+08:00,,1,244,7,7,,,,Other,,git_subject_inferred
131,Oris/new movement1,merged_inferred,True,False,Vanish,,2026-03-04T01:06:28+08:00,2026-03-04T01:06:28+08:00,,1,3754,25,89,,,,Gameplay,,git_subject_inferred
123,bugfix: 修复aciton,merged_inferred,True,False,Vanish,,2025-12-18T21:31:56+08:00,2025-12-18T21:31:56+08:00,,1,58,32,1,,,,Bug/Fix,,git_subject_inferred
120,Develop,merged_inferred,True,False,Vanish,,2025-12-18T21:22:02+08:00,2025-12-18T21:22:02+08:00,,1,512220,193541,2442,,,,Other,,git_subject_inferred
118,Render Pipeline,merged_inferred,True,False,Vanish,,2026-03-15T09:29:28+08:00,2026-03-15T09:29:28+08:00,,1,4547,2379,166,,,,Rendering,,git_subject_inferred
110,Develop,merged_inferred,True,False,Vanish,,2025-12-07T20:27:50+08:00,2025-12-07T20:27:50+08:00,,1,10,371,2,,,,Other,,git_subject_inferred
93,Develop,merged_inferred,True,False,Vanish,,2025-11-15T00:19:28+08:00,2025-11-15T00:19:28+08:00,,1,7398,30024,925,,,,Other,,git_subject_inferred
74,[MILESTONE] 终于可以开始开发了,merged_inferred,True,False,Vanish,,2025-10-30T16:22:34+08:00,2025-10-30T16:22:34+08:00,,1,265288,10431,3340,,,,Other,,git_subject_inferred
64,"Revert ""[SKIP CICD]Update README.md""",merged_inferred,True,False,Vanish,,2025-08-17T22:01:09+08:00,2025-08-17T22:01:09+08:00,,1,1,3,1,,,,Docs/Stats,,git_subject_inferred
57,Develop [ADD BUILD][ADD DEPLOY],merged_inferred,True,False,Vanish,,2025-08-16T23:52:13+08:00,2025-08-16T23:52:13+08:00,,1,32884,12631,464,,,,Build/CI,,git_subject_inferred
55,Update and refactor CodeUnfucker Bridge,merged_inferred,True,False,Vanish,,2025-07-10T20:39:53+08:00,2025-07-10T20:39:53+08:00,,1,744,248,7,,,,Refactor,,git_subject_inferred
54,Add In Game Console [SKIP CI],merged_inferred,True,False,Vanish,,2025-07-09T23:00:00+08:00,2025-07-09T23:00:00+08:00,,1,6856,2550,85,,,,Build/CI,,git_subject_inferred
53,Upgrade CodeUnfucker [SKIP CI],merged_inferred,True,False,Vanish,,2025-07-09T21:35:42+08:00,2025-07-09T21:35:42+08:00,,1,22749,333,197,,,,Build/CI,,git_subject_inferred
52,Integrate roslyn-lint configuration into pipeline,merged_inferred,True,False,Vanish,,2025-07-09T21:49:07+08:00,2025-07-09T21:49:07+08:00,,1,532,9,4,,,,Data/Save,,git_subject_inferred
50,Vanish/fp rop core [SKIP CI],merged_inferred,True,False,Vanish,,2025-07-09T19:30:45+08:00,2025-07-09T19:30:45+08:00,,1,641,0,10,,,,Build/CI,,git_subject_inferred
46,环境配置脚本 [SKIP CI],merged_inferred,True,False,消失,,2025-07-08T21:13:44+08:00,2025-07-08T21:13:44+08:00,,1,301,0,3,,,,Build/CI,,git_subject_inferred
45,Automation Pipeline,merged_inferred,True,False,消失,,2025-07-08T21:03:04+08:00,2025-07-08T21:03:04+08:00,,1,15534,1771,200,,,,Build/CI,,git_subject_inferred
42,Vanish/automation pipeline,merged_inferred,True,False,消失,,2025-07-08T20:38:00+08:00,2025-07-08T20:38:00+08:00,,1,0,1,1,,,,Build/CI,,git_subject_inferred
41,Vanish/sample odin editor,merged_inferred,True,False,消失,,2025-07-05T17:04:55+08:00,2025-07-05T17:04:55+08:00,,1,1,0,1,,,,Other,,git_subject_inferred
40,feat: import ase,merged_inferred,True,False,消失,,2025-07-05T16:04:21+08:00,2025-07-05T16:04:21+08:00,,1,190255,9,1905,,,,Other,,git_subject_inferred
38,[Automation] feat: ci-pipeline (#38),merged_inferred,True,False,消失,,2025-07-05T15:45:50+08:00,2025-07-05T15:45:50+08:00,,1,145,0,1,,,,Build/CI,,git_subject_inferred
21,Develop,merged_inferred,True,False,消失,,2025-06-30T21:16:33+08:00,2025-06-30T21:16:33+08:00,,1,330,1,2,,,,Other,,git_subject_inferred
18,Develop,merged_inferred,True,False,消失,,2025-06-30T19:23:20+08:00,2025-06-30T19:23:20+08:00,,1,748,32,27,,,,Other,,git_subject_inferred
13,feat: update default build targets for step 2 in CI/CD workflow,merged_inferred,True,False,消失,,2025-06-18T00:03:26+08:00,2025-06-18T00:03:26+08:00,,1,3,3,1,,,,Build/CI,,git_subject_inferred
12,feat: Add demo scenes and unit tests for ThirdPersonController,merged_inferred,True,False,消失,,2025-06-18T00:34:53+08:00,2025-06-18T00:34:53+08:00,,1,509,81,25,,,,Tests,,git_subject_inferred
9,Develop,merged_inferred,True,False,消失,,2025-06-17T22:35:27+08:00,2025-06-17T22:35:27+08:00,,1,1130,1594,76,,,,Other,,git_subject_inferred
7,Develop,merged_inferred,True,False,消失,,2025-06-17T21:14:20+08:00,2025-06-17T21:14:20+08:00,,1,0,0,0,,,,Other,,git_subject_inferred
5,Vanish/feature import odin,merged_inferred,True,False,消失,,2025-06-17T21:01:08+08:00,2025-06-17T21:01:08+08:00,,1,49615,0,129,,,,Other,,git_subject_inferred
4,Develop,merged_inferred,True,False,消失,,2025-06-17T00:30:24+08:00,2025-06-17T00:30:24+08:00,,1,1,20,3,,,,Other,,git_subject_inferred
3,feat: update default values and descriptions for deployment and build targets in CI/CD pipeline,merged_inferred,True,False,消失,,2025-06-17T00:11:15+08:00,2025-06-17T00:11:15+08:00,,1,10,2,1,,,,Build/CI,,git_subject_inferred
1,Add ConsolePro plugin and remove tutorial assets,merged_inferred,True,False,消失,,2025-06-16T23:40:10+08:00,2025-06-16T23:40:10+08:00,,1,194,1155,24,,,,Assets/Art,,git_subject_inferred
