path,magic_numbers,sample
Assets/Editor/MessageBrokerDebugger/MessageBrokerDebuggerWindow.cs,61,"0.5f, 220f, 0.8f, 0.8f, 0.8f, 0.4f, 0.9f, 0.9f, 1f, 0.4f, 0.4f, 0.3f"
Assets/Rendering/RainRust/Volume/RainRustVolume.cs,29,"10.0f, 1.0f, 0f, 10f, 1.0f, 0.1f, 1.0f, 16, 0f, 0f, 10f, 0.1f"
Assets/GameMain/Scripts/RunTime/GamePlay/SnakeGame/PlayerSnake.cs,27,"0f, 0f, 0f, 0.1f, 0f, 0.5f, 0.5f, 0.5f, 0f, 0f, 90, 180"
Assets/GameMain/Scripts/RunTime/GamePlay/Entities/PlatformerGame/Chain/EntityChain.cs,26,"0f, 1f, 1f, 0f, 0f, 0.5f, 0f, 0f, 0f, 0f, 0f, 0f"
Assets/GameMain/Scripts/RunTime/GamePlay/PlayerControl/BeeControl/BeeMainControl.cs,26,"1f, 1f, 1f, 2f, 0.3f, 30f, 0f, 0.5f, 2f, 0f, 0.5f, 2f"
Assets/Demos/FunctionDev/CharacterControllerDemo/CollideAndSlideDebugger.cs,24,"0.2f, 20f, 0.05f, 0.8f, 0.001f, 0.6f, 0.001f, 0.6f, 0.5f, 2f, 2f, 16"
Assets/GameMain/Scripts/RunTime/GamePlay/PlayerControl/PlayerCollisionStartCheck.cs,19,"0.5f, 0.1f, 2f, 0.2f, 0.3f, 0.01, 0f, 0f, 0.4f, 2f, 2f, 0.4f"
Assets/GameMain/Scripts/RunTime/GamePlay/PlayerControl/Ore/MatOreControl.cs,18,"0.6f, 1.0f, 2.0f, 1f, 0f, 0f, 0f, 0f, 90f, 90f, 90f, 90f"
Assets/Demos/FunctionDev/CharacterControllerDemo/BoxCastDebugger.cs,17,"0f, 1f, 0.5f, 0f, 1f, 0.5f, 1f, 1f, 1f, 1.0f, 0.5f, 0.5f"
Assets/GameMain/Scripts/RunTime/GamePlay/PlayerControl/Vine/MatVineControl.cs,17,"0.6f, 0.1f, 20f, 0f, 0.5f, 0f, 0.5f, 0f, 0f, 0f, 90f, 90f"
Assets/GameMain/Scripts/RunTime/UI/SuperText/EffectTextRenderer.cs,17,"0f, 0f, 0f, 0f, 0f, 0f, 0f, 1f, 3, 3, 3, 3"
Assets/Demos/FunctionDev/FpDemo/FpSample.cs,16,"42, 3, 5, 42, 500, 5, 3, 200, 5, 3, 5, 3"
Assets/GameMain/Scripts/RunTime/DebugUI/DebugUIManager.cs,15,"0.1f, 1000.0f, 1.0f, 60f, 30f, 0.0, 8, 8, 8, 8, 0.7f, 14"
Assets/Tests/Editor/UI/SuperText/RichTextTagParserTests.cs,15,"30, 30, 4, 30, 0.3, 20, 5, 0.3, 20, 3, 3, 3"
Assets/GameMain/Scripts/RunTime/GamePlay/Entities/PlatformerGame/CameraOverride/CameraOverrideArea.cs,14,"0.1f, 5000f, 0.2f, 0.2f, 1f, 0.2f, 2f, 1f, 0.2f, 2f, 1.5f, 1.5f"
Assets/GameMain/Scripts/RunTime/GameCoreSystems/Splash/PlayerDeathSplasher.cs,12,"0f, 0f, 0.5f, 0.5f, 0.5f, 0.5f, 0f, 1.05f, 0.8f, 1.0f, 0.5f, 0.5f"
Assets/Tests/Editor/UI/SuperText/TypewriterScheduleTests.cs,12,"0f, 30f, 0.5f, 30f, 15, 60f, 30f, 1f, 5f, 50, 10f, 30f"
Assets/GameMain/Scripts/RunTime/GamePlay/PlayerControl/WaveControl/WaveLife.cs,11,"5f, 1.5f, 0.15f, 0f, 0.1f, 0.5f, 0f, 0f, 0f, 1f, 1f"
Assets/GameMain/Scripts/RunTime/UI/SuperText/ShakeEffect.cs,11,"0.7321f, 0f, 0.5f, 2f, 0f, 0.5f, 2f, 0f, 3, 0.1f, 10f"
Assets/GameMain/Scripts/RunTime/GamePlay/PlayerControl/ThornPlatform/MatThornPlatformControl.cs,10,"2.8f, 0.8f, 0.7f, 0.7f, 0.1f, 20f, 0f, 0.5f, 0f, 0.5f"
Assets/Core/Input/VgInput.cs,10,"1f, 1f, 0f, 1f, 0.1f, 10f, 0.1f, 10f, 0f, 0.01f"
Assets/GameMain/Scripts/RunTime/GamePlay/PlayerControl/PlayerControlComponent.Unity.cs,9,"1.2f, 0.9f, 0.1f, 0.9f, 0.1f, 0.9f, 0.1f, 0.9f, 0.1f"
Assets/GameMain/Scripts/RunTime/GamePlay/PlayerControl/WaveControl/ZoneWaveControl.cs,9,"5f, 1.5f, 1f, 2f, 1f, 0.11f, 0f, 0f, 1f"
Assets/GameMain/Scripts/RunTime/UI/SuperText/ColorFlowEffect.cs,9,"0.1f, 1f, 0f, 1f, 3, 3, 1f, 1f, 1f"
Assets/GameMain/Scripts/Editor/Level/LDtkPostProcessor/LDtkLevelRoomProcessor.cs,8,"4, 40f, 23f, 11.25f, 0.1f, 5000f, 8f, 10f"
Assets/GameMain/Scripts/RunTime/GamePlay/PlayerControl/TempHookControl.cs,8,"0.9f, 0.1f, 0.9f, 0.1f, 0.9f, 0.1f, 0.9f, 0.1f"
Assets/Core/GameCoreSystems/Input/VgInputSystem.cs,8,"0f, 0f, 0.01f, 80, 60, 80, 5, 5"
Assets/Core/GameCoreSystems/SaveSystem/VgSaveSystem.cs,8,"0.4f, 0.8f, 1f, 0.8f, 0.4f, 0.4f, 1f, 0.4f"
Assets/Core/GameCoreSystems/Camera/VgCameraManager.cs,8,"1.7777778f, 1.0f, 16, 9, 1.0f, 2.0f, 1.0f, 2.0f"
Assets/Demos/FunctionDev/CharacterControllerDemo/PlayerGroundCheckCapability.cs,7,"0f, 0f, 0f, 0f, 0f, 0f, 0f"
Assets/Core/CoreModule/Console/VgIngameConsoleManager.cs,7,"1f, 0.4f, 0.5f, 0f, 0.5f, 1f, 3f"
Assets/GameMain/Scripts/Editor/Tools/RecursiveMaterialSetter.cs,6,"0.3f, 0.8f, 0.3f, 0.3f, 0.8f, 0.3f"
Assets/GameMain/Scripts/Editor/Level/LDtkPostProcessor/LDtkVolumGenProcessor.cs,6,"5, 1f, 2f, 2f, 0f, 50f"
Assets/GameMain/Scripts/RunTime/GamePlay/Entities/PlatformerGame/MovePlatformer/MovePlatformer.cs,6,"2.0f, 0.5f, 0.0f, 0.0f, 0.001f, 0.1f"
Assets/Core/Input/InputSettings.cs,6,"0.1f, 10f, 1f, 0.1f, 10f, 1f"
Assets/Core/ParallaxBackground/ParallaxLayer.cs,6,"2f, 10f, 10f, 0.001f, 10f, 0.001f"
Assets/Demos/FunctionDev/Sonar/SonarWaveController.cs,5,"0.5f, 1f, 2f, 0f, 0f"
Assets/GameMain/Scripts/RunTime/GamePlay/PlayerControl/BeeControl/BeeRandomData.cs,5,"0.2f, 5f, 5f, 5f, 5f"
Assets/Core/Logger/LogSystem.cs,5,"0.8f, 0.8f, 0.7f, 0.8f, 10000"
Assets/Core/GameCoreSystems/LoadingSplash/VgDefaultSplasher.cs,5,"0f, 1f, 1f, 0f, 0.5f"
Assets/Core/GameCoreSystems/LoadingSplash/VgDissolveSplasher.cs,5,"0f, 1f, 1f, 0f, 0.6f"
Assets/Demos/FunctionDev/CharacterControllerDemo/PlayerMovementComponent.StateCheck.cs,4,"1.0f, 0.5f, 1.0f, 0.5f"
Assets/Demos/FunctionDev/CharacterControllerDemo/PlayerCollisionCapability.cs,4,"5, 0.0f, 5, 0.001f"
Assets/Demos/FunctionDev/CharacterControllerDemo/PlayerJumpCapability.cs,4,"0f, 0f, 0f, 0f"
Assets/GameMain/Scripts/Editor/Level/LDtkPostProcessor/LDtkLevelNeighborProcessor.cs,4,"11, 1f, 1f, 1000f"
Assets/GameMain/Scripts/RunTime/GamePlay/Entities/LDtkEntity.cs,4,"999, 999, 0.5f, 0.5f"
Assets/GameMain/Scripts/RunTime/GamePlay/PlayerControl/PlayerGrapplingHook/GrapplingRope.cs,4,"1f, 0.01f, 1f, 1f"
Assets/GameMain/Scripts/RunTime/GamePlay/PlayerControl/PlayerGrapplingHook/Spring.cs,4,"1f, 1f, 0f, 0f"
Assets/Core/ParallaxBackground/ParallaxBackground.cs,4,"0f, 3, 1.5f, 3f"
Assets/Rendering/RainRust/RenderPasses/RainRustDrawObjectsPass.cs,3,"3, 4, 3"
Assets/GameMain/Scripts/RunTime/UI/PauseMenuController.cs,3,"0f, 1f, 1f"
Assets/GameMain/Scripts/RunTime/GamePlay/PlayerControl/PlayerControlComponent.Anim.cs,3,"0.5f, 0.5f, 0.5f"
Assets/Core/GameCoreSystems/LoadingSplash/VgCircleWipeEffect.cs,3,"0f, 0f, 0f"
Assets/Editor/BuildScripts/GitVersionProcessor.cs,2,"0.1, 0.1"
Assets/GameMain/Scripts/Editor/Level/LDtkPostProcessor/LDtkAutoEntityProcessor.cs,2,"0.5f, 0.5f"
Assets/GameMain/Scripts/RunTime/GamePlay/PlayerControl/PlayerNormalStJump.cs,2,"1.2f, 1f"
Assets/GameMain/Scripts/RunTime/GamePlay/PlayerControl/PlayerGrabStJump.cs,2,"0.2f, 0.2f"
Assets/GameMain/Scripts/RunTime/GamePlay/SnakeGame/PlayerSnakeInitializer.cs,2,"0.5f, 0.5f"
Assets/GameMain/Scripts/RunTime/GamePlay/Entities/PlatformerGame/MisteryFog/MisteryFog.cs,2,"1f, 0f"
Assets/GameMain/Scripts/RunTime/GamePlay/PlayerControl/Effect/EffectPoolManager.cs,2,"20, 5f"
Assets/GameMain/Scripts/RunTime/GamePlay/PlayerControl/WaveControl/WavePoolManager.cs,2,"5f, 1.5f"
Assets/Core/Logger/LogTag.cs,2,"3, 3"
Assets/Core/Input/InputEvents.cs,2,"0.5f, 0.2f"
Assets/Core/GameCoreSystems/Audio/VgAudioSystem.cs,2,"20, 20"
Assets/Demos/FunctionDev/CharacterControllerDemo/PlayerDeAccelerateCapability.cs,1,0f
Assets/Demos/FunctionDev/CharacterControllerDemo/PlayerMovementComponent.cs,1,0.2f
Assets/Rendering/RainRust/RenderPasses/SonarObstaclePass.cs,1,1.0f
Assets/Rendering/RainRust/RenderPasses/RainRustRenderingPass.cs,1,3
Assets/Rendering/RainRust/RenderPasses/RainRustJfaPass.cs,1,1f
Assets/Rendering/RainRust/RenderPasses/RainRustRayTracingPass.cs,1,1f
Assets/Rendering/RainRust/RenderPasses/RainRustDistancePass.cs,1,1f
Assets/GameMain/Scripts/Editor/Level/LDtkPostProcessor/LDtkChapterBackgroundProcessor.cs,1,4
Assets/GameMain/Scripts/RunTime/GamePlay/PlayerControl/PlayerNormalStGravity.cs,1,1f
Assets/GameMain/Scripts/RunTime/GamePlay/PlayerControl/PlayerStMachineDeath.cs,1,1f
Assets/GameMain/Scripts/RunTime/GamePlay/PlayerControl/PlayerStateStartSet.cs,1,4f
Assets/GameMain/Scripts/RunTime/GamePlay/PlayerControl/PlayerStMachineThrow.cs,1,1f
Assets/GameMain/Scripts/RunTime/GamePlay/SnakeGame/SnakeTail.cs,1,0.08f
Assets/GameMain/Scripts/RunTime/GamePlay/Entities/PlatformerGame/MovePlatformer/MovePlatformerPathPoint.cs,1,0.3f
Assets/GameMain/Scripts/RunTime/GamePlay/PlayerControl/Checkpoint/MatCheckpointControl.cs,1,1f
Assets/GameMain/Scripts/RunTime/GamePlay/PlayerControl/Effect/ParticleEffectInstance.cs,1,0f
Assets/Core/GameCore/GameCore.cs,1,5
Assets/Core/Common/FramedFloat.cs,1,60f
Assets/Core/Common/BuildVersionInfo.cs,1,0.0
Assets/Core/GameCoreSystems/SaveSystem/SaveMeta.cs,1,1.0
Assets/Core/GameCoreSystems/LoadingSplash/VgSplasher.cs,1,500
Assets/Core/GameCoreSystems/Audio/Entry/StringManagedAudioEntry.cs,1,200
Assets/Core/Common/StateMachine/StateMachine.cs,1,3
