guid,asset_path
22e79425cf203d04299e10e414c3f460,Assets/LDtkUnity
f2fbca862109d4a7eae892cd7d19681e,Assets/Plugins
f54d1bd14bd3ca042bd867b519fee8cc,Assets/TextMesh Pro
1337635e49466bd4b93c7f056bf541f0,Assets/UI Toolkit
e766fbbf014834f509a17baa83c303d5,Assets/Arts
494eb2684f5584198a2903e94b828ca7,Assets/Fonts
58d5b53ee97b24d899cd944e012d2509,Assets/GameMain
056b6266688e24c789c85781e274d7df,Assets/Shaders
3c7881501945fab469416ec63a28702d,Assets/_Recovery
8ce392e953add4d3ba7d10722191a974,Assets/Rendering
c12e1653e44ec4043b1d1a9fad49b263,Assets/Editor
a6fc98b4a3bd848659edb46d86a86726,Assets/Prefabs
37717e4b45cfb4d45a3cd67f7e8a538c,Assets/Core
ef38e499625a24a338737919d300a993,Assets/AddressableAssetsData
7fc59724679734765bc6b92da5fd7967,Assets/Demos
66e112b3bb317e14faa72fa6e54dd097,Assets/HierarchyDecorator
3c3b164ab3ee94d1284fd3f5cbadc75f,Assets/Resources
01728f7419a554ca9a0dd6de0f8d22df,Assets/ThirdParty
983f7b74dba9e444d842b8471f7baf8d,Assets/Tests
ac403b80cdd155542a24696562a4f284,Assets/Settings
9542d00cdbeb24595997618dc63af9b9,Assets/StreamingAssets
28b18214951f54038af9a15d9f26e76b,Assets/GameAssets
fc38b14942c3fb44a9b0e2065bd66d6d,Assets/Settings/PickFilter
e3f685eaae47b7f4bb470fea38ea2cc7,Assets/Settings/BuildProfiles
cfa9c5a02e837274ab190ce73a4c1904,Assets/Arts/BeeArt
02d0260eb9c49064ab059de3d897f8f4,Assets/Arts/Vine
28d09671f5d7d8a439d0f8ab09d1e859,Assets/Arts/PlayerArt
1527b8e31f18c6f43825875fac69d6b9,Assets/Arts/Temp
eed4c68bde19e264885ebf5ef77dd47b,Assets/Arts/ProgramMetaData
ac9881ab3eb0edf42b6bfdfe7956608c,Assets/Arts/UI
0aaf66e60688fd843903a7bc10375703,Assets/Arts/TileSet
ac1bcd4619362af489a81c0888190351,Assets/Arts/MatDoor
61f98842d704d0d4db1d4f33674d5b5f,Assets/Arts/Items
14be83334539837448254886ca5ce0f3,Assets/Arts/Gate
83d3f585352762b48b88574171d80c6a,Assets/Arts/ThornPlatform
3f03318c042b6354b8ea345e917a3bd2,Assets/Arts/BackGround
266f49d977869be41a37fa954d75498b,Assets/Arts/MatCollection
b64bc366339cc954bb6083e88534c422,Assets/Arts/ConceptArts
b4916b418304daa44a42e17d0f52ea32,Assets/Arts/grass
d4d778aab4cbc8e43b16b6bd04ba1a34,Assets/Arts/Checkpoint
0e189c0def3954344a74fcbeffcd5db8,Assets/Arts/Ore
b34e870af44e53a4bb63840d6eb69a93,Assets/_Recovery/0 (1).unity
5426f2c92fa6bb9488e34e7d85a9d808,Assets/_Recovery/0.unity
f2dcac22b05cb401eb5ce634bf15d65a,Assets/Core/EventSystem
af0d4536df14ec349b4e6f4bb1a031e5,Assets/Core/GameCoreSystems
745c854a397314e5e9d7865d05254f2a,Assets/Core/CoreModule
198f161f050714b85981e87f526d009e,Assets/Core/Core.asmdef
718168157603d48aeadf073037446af1,Assets/Core/Logger
fa0900f31add4e44da77f0b46b94b8c5,Assets/Core/Editor
008e6aa0da89e48f4882a591aaed03cd,Assets/Core/Command
0a788ea53d8d8405caf997bc9351eded,Assets/Core/Container
17ef80199090d904998a8cc1ef7f45e1,Assets/Core/ParallaxBackground
8b38b5d7fa0db44bc919535988015cef,Assets/Core/Extensions
eeceea6484f1a416c97532d0d78fb81e,Assets/Core/Exceptions
2b9519bb782674ca69d4def48b9c6280,Assets/Core/ConsoleUtilities
37135767f35272a4ca55ad9e05d06830,Assets/Core/Scene
1fd955601e3a9439a8d6f3e2a81c1ab8,Assets/Core/FP
1cb93c468b6a44fdcb5c245c9821cc1a,Assets/Core/AddressableResourceLoader
213c5a6f6c358472b8bd926c20330168,Assets/Core/Input
5d9d26cf9e79f4e23a3416dba93e3101,Assets/Core/Common
61a117297165d3b4b938e36f2e197e01,Assets/Core/Events
9bfec6861b3d7400c81de35123003489,Assets/Core/Mono
41fce0af88e264778b93a857774dfcae,Assets/Core/GameCore
4690b1849610a43829fc41f5d4d2d4f0,Assets/Prefabs/Editor
ffcf97fd0068042f8bb86153bd2301bc,Assets/Prefabs/RunTime
09526d46a986db04c82995254d9f9cf3,Assets/Resources/Prefabs
ba6e48c4fcdd75644a57dc0974ab2e21,Assets/Resources/BuildVersionInfo.json
01c5766d3056043eb9e00bb21780dede,Assets/Resources/Test
25aec3ca25404824e9c18b56d59b8ae8,Assets/Resources/BackGrounds
40141d9b1aa1142209bcd08b038c97ba,Assets/Tests/Editor
4f54c1e4b3ec04ad288d3144d145ff60,Assets/Tests/PlayMode
4faccdaa2c4f811488e04597010a4361,Assets/HierarchyDecorator/Settings.asset
26533a925e2a08548968edcc0a3cad67,Assets/UI Toolkit/UnityThemes
b5af34dcf83064687a2dd2fde890ea1d,Assets/AddressableAssetsData/ProfileDataSourceSettings.asset
d826df6488ee746a5afcd24f7c565f68,Assets/AddressableAssetsData/OSX
0497be84e42354b0aa8323b261ae41b8,Assets/AddressableAssetsData/AddressableAssetGroupSortSettings.asset
4f1a2e9cef47741d289ca0b02ad881db,Assets/AddressableAssetsData/DataBuilders
e4f5593707f5f4832a7c25d1286a6b03,Assets/AddressableAssetsData/AssetGroups
d680977e7561f42a1996bebabb6aee56,Assets/AddressableAssetsData/AssetGroupTemplates
d3609214fc95d17448526d7ce28a438c,Assets/StreamingAssets/FMOD
0891762fb4b9f4f108bad3cb25950d7e,Assets/GameAssets/PackedAssets
c3bc913a7522d4f7f88e0cba1b52b30c,Assets/GameAssets/Built-InGameAssets
2ddcc2bb4dd38f64db76044c0fec3476,Assets/GameMain/Configurations
90dbccb51416be4499da7098444a3a38,Assets/GameMain/Anim
9304c8a023249d347a08f5c1090a0b3f,Assets/GameMain/Physics
ad949f8ba697c429f95efb88a2220985,Assets/GameMain/Rendering
539100458a51c4d188fc4dcb2881366a,Assets/GameMain/Scripts
5d385081b65b691499cd10a13ac890a2,Assets/GameMain/UI
653d4aa8e18d44e248d91a5a9514b928,Assets/GameMain/Scenes
313a44bc3ce11a84b9f8275d1ba2f385,Assets/GameMain/LDtkProject
7033c60f5fb9bc84e9af31ce44caa6d2,Assets/Shaders/SpriteBlur
9fcc0478cfe9243bfa3494d45a845ea2,Assets/Shaders/ProgressBar
6be738fe29afd4392a3281577193bd2e,Assets/Rendering/RainRust
5dc28dd2726134affa29556586c6a763,Assets/Fonts/MapleMonoNormalNL-OTF
c7e69023ab9f648e4ae3913318bc4fab,Assets/Fonts/MapleMonoNormalNL-CN-unhinted
9240b6d77d3f144e9923ceabbd816489,Assets/Demos/FunctionDev
824f9934863b53941a2777e8065444b3,Assets/Demos/Demo.asmdef
6d7b6b257996d4fedac1e82c999d36fd,Assets/Demos/RainRustRenderPipelineDemo
6aae72806a9fe4fefbcd0da3a78b8796,Assets/Demos/README.md
18c4ed3d36ed50343a5ca3d3e3b6a9fc,Assets/Editor/MessageBrokerDebugger
f74248d126e1e4010848e2e9ef5c910f,Assets/Editor/EditorResources
cc9b5ef0912f14ee8b35ec83c7fbfc9d,Assets/Editor/BuildScripts
1526b80c9cfc94cca9ac27cafb443967,Assets/Editor/Odin Tools
036d2b50452384c59b360b4d236b84fa,Assets/Editor/CodeUnfucker
3315ecb4550e04c438688e4a17710b4a,Assets/Editor/Roslynator
07b3ebd2fa500894794beaef8a89053e,Assets/Editor/UnityPickFilter
2e6d20b5d454850458057b6febd55c38,Assets/Editor/MessageBrokerDebugger/MessageBrokerDebuggerWindow.cs
746b709a7e6e44eef97c9fffd7d37300,Assets/Editor/EditorResources/Gizmos
d55679f0c84f26745bdb52bfe5a21ac5,Assets/Editor/BuildScripts/GitVersionProcessor.cs
f902424c9f5d449e783fc13d532f6bfc,Assets/Demos/FunctionDev/CharacterControllerDemo
21de9bf8d05604efa802d2898d05a0fb,Assets/Demos/FunctionDev/FpDemo
1ff2f2c67522d824cba34935dc59096f,Assets/Demos/FunctionDev/Background
8200fb48a1f6f1a4bae44763f6af9fd2,Assets/Demos/FunctionDev/Sonar
991dad2fa95991443b479e78946f9337,Assets/Demos/FunctionDev/OriSPlayerControl Demo
1cb544dff38b7e247ac5527efae5ef93,Assets/Demos/FunctionDev/AbTile
de0a7993ac1a5974ea57965a79de2500,Assets/Demos/RainRustRenderPipelineDemo/DemoScene_02.unity
dbd64bf7d47ec4e4d98dab42c8ee465b,Assets/Demos/RainRustRenderPipelineDemo/DemoScene_02
f09fad82a5716422e96adfd5519e6a73,Assets/Demos/RainRustRenderPipelineDemo/DemoScene_01.unity
c1926c2ca67dcca4b98dc3cd1a8eb521,Assets/Demos/FunctionDev/Background/demo_scene_background.unity
cd9ff980a10248648b743b6efc8b97f3,Assets/Demos/FunctionDev/Background/pics
f4d788e67ff8e9f41ad4177d1862ca45,Assets/Demos/FunctionDev/CharacterControllerDemo/PlayerMovementComponent.Physics.cs
8cff5fb7fbe204688bb29d36828da1a0,Assets/Demos/FunctionDev/CharacterControllerDemo/PlayerMovementComponent.Events.cs
b1015b2c80106475ab58c3217b89d9c7,Assets/Demos/FunctionDev/CharacterControllerDemo/PlayerMovementComponent.StateCheck.cs
aad7e7a254fcb444fb7a6f2db9cc196e,Assets/Demos/FunctionDev/CharacterControllerDemo/PlayerGravityCapability.cs
42ff2664ba74c482ca82032aad62f7df,Assets/Demos/FunctionDev/CharacterControllerDemo/CharacterControllerPlayground.unity
c03b98da8a3194288b1e406866490d14,Assets/Demos/FunctionDev/CharacterControllerDemo/CharacterControllerDemo.asmdef
06c769d8fac0c4570bca2493416fde00,Assets/Demos/FunctionDev/CharacterControllerDemo/PlayerMovementComponent.Unity.cs
5e7dbb37497014309a387596f0e03aa5,Assets/Demos/FunctionDev/CharacterControllerDemo/PlayerMovementComponent.cs
d81587aa7f5e145d8b6683bf328679a9,Assets/Demos/FunctionDev/CharacterControllerDemo/PlayerDeAccelerateCapability.cs
598b5cc1f555545e9b54237703d310c5,Assets/Demos/FunctionDev/CharacterControllerDemo/PlayerCollisionCapability.cs
3ab1775c44ecb4b899a15c522fdd199f,Assets/Demos/FunctionDev/CharacterControllerDemo/PlayerInverseAccelerateCapability.cs
8180a04334ea34b5a819fee2bdce784d,Assets/Demos/FunctionDev/CharacterControllerDemo/PlayerJumpCapability.cs
4c786b6f1bc6a3b499a01c7ee13be3a2,Assets/Demos/FunctionDev/CharacterControllerDemo/MovementSheet 1.asset
645df844d412b45a0b6007d3adb0a5a5,Assets/Demos/FunctionDev/CharacterControllerDemo/PlayerMovementTickOrder.cs
d5833480bbe1947a6b68315d72a51215,Assets/Demos/FunctionDev/CharacterControllerDemo/PlayerMovementComponent.PhysicsCast.cs
b02831d9d78b04021b53a5f7feffcc09,Assets/Demos/FunctionDev/CharacterControllerDemo/PlayerGroundCheckCapability.cs
b6ec27c7507754e7f93a4ba83445c380,Assets/Demos/FunctionDev/CharacterControllerDemo/PlayerMoveCapability.cs
edcd2da043c244057b8f1f381d39d740,Assets/Demos/FunctionDev/CharacterControllerDemo/PlayerAccelerateCapability.cs
261ced53c7d126c43844d6fd5b1f34b4,Assets/Demos/FunctionDev/CharacterControllerDemo/OriTest
b7c0eaff33a384690ba79ffc39d1118f,Assets/Demos/FunctionDev/CharacterControllerDemo/PlayerGrabCapability.cs
f4c51a0883c99a34195e260a5aeadc9c,Assets/Demos/FunctionDev/AbTile/demo_abtile_palette.prefab
5a6e9333c94a6df4bb6fdb417e49df66,Assets/Demos/FunctionDev/AbTile/demo_abtile_scene.unity
cfcdb8b8d228a9846b347bc86a04f51a,Assets/Demos/FunctionDev/OriSPlayerControl Demo/tempArt
8ba648edec9ed4b3ab04e45524309b56,Assets/Demos/FunctionDev/FpDemo/FpSampleScene.unity
7778fcc4218d1427e9c418956dcae02d,Assets/Demos/FunctionDev/FpDemo/FpDemo.asmdef
0cd69c43b055f774bbf100e03df0bead,Assets/Demos/FunctionDev/Sonar/Sonar.asmdef
f8fbffdf64ac32b40aa7750dea14846e,Assets/Demos/FunctionDev/OriSPlayerControl Demo/tempArt/tempPlate.prefab
57859d59e0f51904fa6da41d8b0447fa,Assets/Demos/FunctionDev/CharacterControllerDemo/OriTest/TempArt
d21f61618d944ad4781593f5d5674341,Assets/Demos/FunctionDev/CharacterControllerDemo/OriTest/Scene
e168c53c3e2593d44b4518b560ea83f1,Assets/Demos/FunctionDev/CharacterControllerDemo/OriTest/TempArt/tempPlay1
36892e3461ca37840a383db8abe735f0,Assets/Demos/FunctionDev/CharacterControllerDemo/OriTest/Scene/PlayerControlTestScene.unity
2407da435ae45404391a3614628b82fb,Assets/Fonts/MapleMonoNormalNL-OTF/MapleMonoNormalNL-Regular SDF.asset
4958ebaa000ff431c9f43054bb2588f0,Assets/Fonts/MapleMonoNormalNL-OTF/LICENSE.txt
1361a147dc96d4c3b9563c445cc89202,Assets/Fonts/MapleMonoNormalNL-OTF/config.json
5ac6631c4bbc04e538a7323aee55e253,Assets/Fonts/MapleMonoNormalNL-OTF/MapleMonoNormalNL-Italic SDF.asset
9883cac1929274c648cfbc8a88e0536e,Assets/Fonts/MapleMonoNormalNL-CN-unhinted/MapleMonoNormalNL-CN-Medium SDF.asset
138ca230c60cc497cb02b59ad98e478b,Assets/Fonts/MapleMonoNormalNL-CN-unhinted/MapleMonoNormalNL-CN-Thin SDF.asset
396b2e883438c4fb9bead587f011e972,Assets/Fonts/MapleMonoNormalNL-CN-unhinted/MapleMonoNormalNL-CN-ExtraBoldItalic SDF.asset
55d26f3e81a0e4bfaadf050646e96817,Assets/Fonts/MapleMonoNormalNL-CN-unhinted/MapleMonoNormalNL-CN-MediumItalic SDF.asset
819c66d8bc9ce40efbbafbeff33ba92a,Assets/Fonts/MapleMonoNormalNL-CN-unhinted/MapleMonoNormalNL-CN-SemiBoldItalic SDF.asset
ec69ef1e82eff48c6995a6278638b6b3,Assets/Fonts/MapleMonoNormalNL-CN-unhinted/LICENSE.txt
e1180cb3280be40ef96e92e4dfcdfa3b,Assets/Fonts/MapleMonoNormalNL-CN-unhinted/MapleMonoNormalNL-CN-Italic SDF.asset
b4be6dc2f0e6844fd80266e447f206e4,Assets/Fonts/MapleMonoNormalNL-CN-unhinted/MapleMonoNormalNL-CN-ThinItalic SDF.asset
62c7bcb5c466f4413b5ca930cbf755b6,Assets/Fonts/MapleMonoNormalNL-CN-unhinted/MapleMonoNormalNL-CN-ExtraBold SDF.asset
737b133f24d0d4848a476f7a6c911007,Assets/Fonts/MapleMonoNormalNL-CN-unhinted/config.json
a3c6204d55a12417292d6e870b99c650,Assets/Fonts/MapleMonoNormalNL-CN-unhinted/MapleMonoNormalNL-CN-ExtraLight SDF.asset
d334bbbd8243e4a4aa59d8300436af34,Assets/Fonts/MapleMonoNormalNL-CN-unhinted/MapleMonoNormalNL-CN-Regular SDF.asset
4c759d1676f1241b79ee8a093f8ef434,Assets/Fonts/MapleMonoNormalNL-CN-unhinted/MapleMonoNormalNL-CN-Bold SDF.asset
2c4b6a73b8338439b8c2c914899c6284,Assets/Fonts/MapleMonoNormalNL-CN-unhinted/MapleMonoNormalNL-CN-LightItalic SDF.asset
26fa8395365dc429883c2d3410231a95,Assets/Fonts/MapleMonoNormalNL-CN-unhinted/MapleMonoNormalNL-CN-Light SDF.asset
4bdc93ae6449d402bab82d52fd5d7fc5,Assets/Fonts/MapleMonoNormalNL-CN-unhinted/MapleMonoNormalNL-CN-SemiBold SDF.asset
d519a0413f6e145e8baccfe23b1e2a4b,Assets/Fonts/MapleMonoNormalNL-CN-unhinted/MapleMonoNormalNL-CN-BoldItalic SDF.asset
9c585ead6825646e4b99b649da6bdd0e,Assets/Fonts/MapleMonoNormalNL-CN-unhinted/MapleMonoNormalNL-CN-Regular.ttf
842d69a31f3f94433a4b6a7d51d8a078,Assets/Fonts/MapleMonoNormalNL-CN-unhinted/MapleMonoNormalNL-CN-ExtraLightItalic SDF.asset
2d5ffe1f5af999a4d9d83e7cd07293e8,Assets/Rendering/RainRust/RenderPasses
872ea710e851d41169aa80e17a1f18e4,Assets/Rendering/RainRust/RainRust.Rendering.asmdef
ee644442bbe7df84a8ea7552a27d7079,Assets/Rendering/RainRust/Shaders
ce95c081c9ff25e49b1f584d58e5423a,Assets/Rendering/RainRust/Materials
c6d8b6d1affc45041b6f80f0be75a2ae,Assets/Rendering/RainRust/RenderFeatures
2ba78ddcfde298b4887cc4f61976b04f,Assets/Rendering/RainRust/Volume
dc9e7eb3b89aedb448e6ac9d540937f6,Assets/Rendering/RainRust/RenderFeatures/SonarObstacleFeature.cs
83e3fb90f70ad7e4ab8bc56c3bb2487f,Assets/Rendering/RainRust/RenderFeatures/README.md
b54d8ed6c9db6cb4ea54404d71914a36,Assets/Rendering/RainRust/Materials/material_rainRust_onlyEmit.mat
4c068e66b8917be499242cf41ac93c99,Assets/Rendering/RainRust/Shaders/SonarEffect.shader
c04bf744fac14b141ad1a597c137f47d,Assets/Rendering/RainRust/Shaders/Utils.hlsl
7b9a1cd43f056484f94f57dcf88007af,Assets/Rendering/RainRust/Shaders/Dither.shader
fd56908d831c6c14199f97573630e657,Assets/Rendering/RainRust/Shaders/SonarObstacleUnlit.shader
a6fd2af7835a2ba488cb97f7f31ff72e,Assets/Rendering/RainRust/Shaders/CrtEffect.shader
54e6b2a51efc53d44b5312726b1412da,Assets/Rendering/RainRust/Shaders/RainRustLighting.shader
9adfc5a3fdc5d134d8a60488f8b6afd4,Assets/Rendering/RainRust/Shaders/Noise.hlsl
5447de3a8ffdb5d41baef4cbbc48a05a,Assets/Rendering/RainRust/RenderPasses/SonarObstaclePass.cs
8dd2824421498cf47b6435e615c88279,Assets/Rendering/RainRust/RenderPasses/RainRustContextData.cs
20c62ae1175877542b2ca793527b2353,Assets/Rendering/RainRust/RenderPasses/RainRustDrawObjectsPass.cs
663eaa68a7e7d664cb29793e48d99d28,Assets/Rendering/RainRust/RenderPasses/RainRustJfaInitPass.cs
7eb5bdaeb7f56ad49b39447f77d0d07d,Assets/Rendering/RainRust/RenderPasses/RainRustRayTracingPass.cs
2b99eeaeb14ac4a4d86a4be4d8078739,Assets/Rendering/RainRust/RenderPasses/RainRustDistancePass.cs
f6e2c317f200f054299818e6e73e581c,Assets/Rendering/RainRust/RenderPasses/RainRustRenderingPass.cs
3bd9f0b9dc28c2e4b95af941d2ecabaa,Assets/Rendering/RainRust/RenderPasses/RainRustUnpremultiplyPass.cs
bea33a0f058f5d44da6ffa87d6575eba,Assets/Rendering/RainRust/RenderPasses/RainRustJfaPass.cs
b199bb4d03f784842a266e023890f389,Assets/Shaders/SpriteBlur/material_spriteBlur_default.mat
0945970fe279b424987f3e73f40f595a,Assets/Shaders/ProgressBar/Animated Progress Bar.mat
aeebaf02fa5b94fb89bce237c319cf26,Assets/Shaders/ProgressBar/Post-Processing.asset
cebfd96b69f47f94bb13b814f019e2ca,Assets/Shaders/ProgressBar/Sub-Graphs
35a5889f855b33440b52b2a9b0e8b8ad,Assets/Shaders/ProgressBar/Animated Progress Bar.shadergraph
bb5518c50d6520044a3daa5249259582,Assets/Shaders/ProgressBar/Sub-Graphs/Capsule SDF.shadersubgraph
643594235f1eeb14aa3698b5ffd3d0cc,Assets/GameMain/Configurations/Audio
1cea26fc525e07442a8b78688c7f5be3,Assets/GameMain/Configurations/Player
a53d2d3c93f2bbf4ba9b1510d347d78e,Assets/GameMain/Anim/MatCollectionAnim
b222e9ff149c0e747b492768254cce86,Assets/GameMain/Anim/ThornPlatformAnim
2bbcafd851be78943b23ebfa5eaf9905,Assets/GameMain/Anim/CheckpointAnim
fcf4ba6162efe5e47b956700da190b73,Assets/GameMain/Anim/ZoneAnim
56336ef2558d00941919f8fe21275d42,Assets/GameMain/Anim/VineAnim
00cc0f54b2782364bab9f69f5eb007da,Assets/GameMain/Anim/PlayerAnim
713a0fbb6d23a8449b696d1737f605c8,Assets/GameMain/Anim/BeeAnim
43b5b12184cc8b94789c23618c28d8f3,Assets/GameMain/Anim/MatDoorAnim
1d8941fea3088eb4eb676c41074555a5,Assets/GameMain/UI/MainMenu.uss
37d5c4fa98805304a84b271720fa46e1,Assets/GameMain/Scenes/Build
6c7d8bfbcfeeef24f9fa7b620f07c110,Assets/GameMain/Scenes/Develop
1e98ec7ef433cd74db6732ab1d36cae2,Assets/GameMain/LDtkProject/gm_ldtk_project
fd7ccfdce90781448ba805c702b4fe7d,Assets/GameMain/LDtkProject/LogicTile
bf7e815dd89b4164880b6713ec250d60,Assets/GameMain/LDtkProject/GameMain.LDtk.asmdef
087b5d91aaa5b4da8ba6e9160b9ca4c5,Assets/GameMain/Scripts/Editor
8715cc42ff1654c4794dec531dedce35,Assets/GameMain/Scripts/RunTime
07863faac5556194b81ebaabaf80883c,Assets/GameMain/Rendering/Texture
3bf163ece1d2e76469b93f3adcd94a31,Assets/GameMain/Rendering/Material
f83c9d7f93d8017459806708cfb0387c,Assets/GameMain/Rendering/Shader
abc0c332d354e441b91d50df1889a24e,Assets/GameMain/Rendering/VisualEffects
7dfe206b80ef443a58df0d8fe91daa7b,Assets/GameMain/Rendering/Settings
9a815b6ebdee64ecb9ebd7374a519d69,Assets/GameMain/Rendering/Settings/vrp_pipelineAsset_default.asset
05be9b5ddd8260648b03db7937a4b82d,Assets/GameMain/Rendering/Texture/Tex_flare01.png
5574ae05996fbb44caea432ffd28b86c,Assets/GameMain/Rendering/Texture/Tex_smoke3.png
2602a33077ee4c64e9fc5c2db10a2410,Assets/GameMain/Rendering/Texture/Tex_smoke.png
54ac96210454a82469e8509e4004da49,Assets/GameMain/Rendering/Texture/Tex_trail07.png
4509c4034102f634e8a667dedb90967b,Assets/GameMain/Rendering/Texture/Tex_trail06.png
58b004fbb4e1bbc4ab330706a6cc2889,Assets/GameMain/Rendering/Texture/Tex_cirleDot.png
fec2276c1f558754c86ec7875d83f602,Assets/GameMain/Rendering/Texture/Tex_trail01.png
9ef9fdbf538c42a4bb4fb993dee4583e,Assets/GameMain/Rendering/Texture/Tex_trail04.png
9a441276695019d48aec8784af75d20b,Assets/GameMain/Rendering/Texture/Tex_trail05.png
f6bb22eff546c05448e5fc5e7c2f1146,Assets/GameMain/Rendering/Texture/Tex_flare02.png
ad681db67c3d6ca44bf17ac395c7087d,Assets/GameMain/Rendering/Texture/Tex_flare03.png
f7a1ac736bf9b7e4fa12f3b76967c105,Assets/GameMain/Rendering/Texture/Tex_trail03.png
01f5120d4a3ec2042af346213d4e750d,Assets/GameMain/Rendering/Texture/Tex_trail02.png
d395bce4fa8ef9e448c52752936d8395,Assets/GameMain/Rendering/Texture/Tex_trail08.png
160ff8d80e2c98e4e99a21858dffd037,Assets/GameMain/Rendering/Shader/simpleDot.shadergraph
24cd96ffe7ff30f4798d8ff2c13b4f4b,Assets/GameMain/Rendering/Shader/lineShader.shadergraph
5d6b8b90bcd22d94abda50e2b61232ea,Assets/GameMain/Scripts/RunTime/DebugUI
9d560ec90e85ec84da3a4bba78a1de19,Assets/GameMain/Scripts/RunTime/ConsoleUtils
00d0b75f2894479439eecfb9584a0b76,Assets/GameMain/Scripts/RunTime/AudioEntries
633fb494784c75640b9622bf7f888cc9,Assets/GameMain/Scripts/RunTime/GameCoreSystems
337b9036ecfaca0449160b976a274453,Assets/GameMain/Scripts/RunTime/GameMain
89e35a72c225da3418b524e48d9143ca,Assets/GameMain/Scripts/RunTime/InitInvoker
5f34f4219be7446d99f83220acdaa345,Assets/GameMain/Scripts/RunTime/GameMain.RunTime.asmdef
b2f9fdb98807ed24391615ada5f5aabf,Assets/GameMain/Scripts/RunTime/UI
8d1e939153d982c438e6d2e64529a076,Assets/GameMain/Scripts/RunTime/GamePlay
7c145366ab3308e43b72cb1369fa3079,Assets/GameMain/Scripts/RunTime/Commands
a938e660505f6a3409b220cdcfa6c0ff,Assets/GameMain/Scripts/RunTime/Events
d8bb2cd7a27f644eda5255efef5e9d6b,Assets/GameMain/Scripts/Editor/GameMain.Editor.asmdef
5a3804b07ddf44818904925dd6c67b16,Assets/GameMain/Scripts/Editor/ConsoleUtilities
c2dc30517c465ae4d80405fcc2a96658,Assets/GameMain/Scripts/Editor/Tools
97a7970d9d029124da438d68afdb33e2,Assets/GameMain/Scripts/Editor/Events
fbc8fc4c85c77ba41813dab2e219c85c,Assets/GameMain/Scripts/Editor/Level
45aceff950a4e41ec9b64c3cc7eb7ec2,Assets/GameMain/Scripts/Editor/ConsoleUtilities/GameMain.Editor.ConsoleUtilities.asmdef
4e73b06ce59dbcd42b0b60410c8b9f0e,Assets/GameMain/Scripts/Editor/Tools/RecursiveMaterialSetter.cs
d5652cc32af5fc8429e2e2cc5ab1bc33,Assets/GameMain/Scripts/Editor/Level/LDtkPostProcessor
bbb7d30ae8458864e87df4ec471d5f6f,Assets/GameMain/Scripts/Editor/Level/LDtkPreProcessor
77b72a928d293894fb47464fb10a4875,Assets/GameMain/Scripts/Editor/Events/GameEditorTest
a2dc5c38a7aace942920d05fd0cbb700,Assets/GameMain/Scripts/Editor/Events/GameEditorTest/GmEditorTestEvents.cs
e523ffe58a79b8f4e9c38dee73c4d1dd,Assets/GameMain/Scripts/Editor/Level/LDtkPostProcessor/LDtkLayerProcessor.cs
71e54b36148839d49849fa824a641a73,Assets/GameMain/Scripts/Editor/Level/LDtkPostProcessor/LDtkMaterialSetProcessor.cs
b7d41c007e6a873459f41d43b5557402,Assets/GameMain/Scripts/Editor/Level/LDtkPostProcessor/LDtkLevelRoomProcessor.cs
ad2a761525ff9434995a9d77a0ac13d0,Assets/GameMain/Scripts/Editor/Level/LDtkPostProcessor/LDtkAutoEntityProcessor.cs
eb153e87aa2e06d4eb9fff3a4e6a6043,Assets/GameMain/Scripts/Editor/Level/LDtkPostProcessor/LDtkChapterBackgroundProcessor.cs
b6d594550367dd74692b9819a04c487f,Assets/GameMain/Scripts/Editor/Level/LDtkPostProcessor/LDtkVolumGenProcessor.cs
ffd1e2850d3ad904989f6a1b541025c9,Assets/GameMain/Scripts/Editor/Level/LDtkPostProcessor/LDtkLevelNeighborProcessor.cs
817bd2a635f728b4c9e8bc2112ae032f,Assets/GameMain/Scripts/Editor/Level/LDtkPostProcessor/LDtkIdentifiersProcessor.cs
d119cfcc67959a147b60a0bf55c5f4d9,Assets/GameMain/Scripts/Editor/Level/LDtkPostProcessor/README.md
2b252124393c71d48845b469cb748053,Assets/GameMain/Scripts/RunTime/UI/SuperText
84b44c8839b348a43a8341480ece3f15,Assets/GameMain/Scripts/RunTime/AudioEntries/AudioEntryChapterBgm.cs
f866bb5d01c52e64c80f62cbddaf3f1a,Assets/GameMain/Scripts/RunTime/GameMain/GameMain.cs
36502b81cd4d1b34d8d0811ab1515434,Assets/GameMain/Scripts/RunTime/GamePlay/PlayerControl
529eec34e38b05d47875ab403ce14940,Assets/GameMain/Scripts/RunTime/GamePlay/Entities
38c3259387d01e649a42656d39dbba50,Assets/GameMain/Scripts/RunTime/GamePlay/SnakeGame
6bb2caaf8af7a1042b02b13237b686e0,Assets/GameMain/Scripts/RunTime/InitInvoker/Commands
8bb367816147a83479effa01b168e058,Assets/GameMain/Scripts/RunTime/Commands/InitInvoker
ba0c578e0910a044f85e4943f50f6e68,Assets/GameMain/Scripts/RunTime/Commands/LevelManager
d5ab8c5f7601c7c4491a00f24382f2d0,Assets/GameMain/Scripts/RunTime/Commands/GameFlow
6bb5d7d33beb22e4bae582829f19728c,Assets/GameMain/Scripts/RunTime/ConsoleUtils/ConsoleCommands.Level.cs
39f426c0727f8d5418d9597aba83e919,Assets/GameMain/Scripts/RunTime/ConsoleUtils/InvokeEvent.cs
ec6624a1b4c778f42a4954d6adaeb629,Assets/GameMain/Scripts/RunTime/Events/PlayerControl
0791a527e396d8d4cb256e4f473f8868,Assets/GameMain/Scripts/RunTime/Events/GamePlay
907f2bbffa86169459a9e0b25220150b,Assets/GameMain/Scripts/RunTime/Events/BeeManager
647f8fbb3bcb34e46b6436c7698f6689,Assets/GameMain/Scripts/RunTime/Events/LevelManager
380c7145cc9d04249a067976ff79dd0f,Assets/GameMain/Scripts/RunTime/Events/SuperText
a0b638bd185ad6745baa6561635dfa45,Assets/GameMain/Scripts/RunTime/GameCoreSystems/PlayerManager
19d73c89dee1e8545b3378a98dd677ca,Assets/GameMain/Scripts/RunTime/GameCoreSystems/Splash
654d5da87b7f78f4caf8936fae8a3abc,Assets/GameMain/Scripts/RunTime/GameCoreSystems/LevelManager
00e6cb03ccc5dee4188f5f5e97e7cdea,Assets/GameMain/Scripts/RunTime/GameCoreSystems/LevelManager/LevelStateRegistry.cs
ff5a3695a83f2f845a3e7a489082861c,Assets/GameMain/Scripts/RunTime/GameCoreSystems/LevelManager/LDtkIdentifiers.cs
954c7d22ac02ec642bad4d1087112bad,Assets/GameMain/Scripts/RunTime/GameCoreSystems/LevelManager/RuntimeEntityRegistry.cs
529b2fed1858a7446a72190eb8b3924f,Assets/GameMain/Scripts/RunTime/GameCoreSystems/LevelManager/LevelBoundsTrigger.cs
