path,risk_score,lines,complexity,churn,touches,update_methods,public_fields,reflection_hits,magic_numbers
Assets/Core/EventSystem/MessageBroker.cs,370.44,705,74,839,5,0,1,22,0
Assets/Core/Common/StateMachine/StateMachine.cs,324.53,736,65,736,1,0,1,17,1
Assets/GameMain/Scripts/Editor/Level/LDtkPostProcessor/LDtkAutoEntityProcessor.cs,320.22,327,59,657,5,0,0,22,2
Assets/GameMain/Scripts/RunTime/GamePlay/PlayerControl/BeeControl/BeeMainControl.cs,246.79,435,45,533,6,2,18,0,26
Assets/GameMain/Scripts/RunTime/GamePlay/SnakeGame/PlayerSnake.cs,217.59,589,72,641,6,1,0,0,27
Assets/Core/Common/StateMachine/Drivers/StateDriverUnity.cs,213.0,72,1,72,1,0,51,0,0
Assets/Editor/MessageBrokerDebugger/MessageBrokerDebuggerWindow.cs,201.36,623,68,625,2,0,0,0,61
Assets/GameMain/Scripts/RunTime/GameCoreSystems/LevelManager/LevelManager.cs,200.99,509,60,1025,5,0,7,2,0
Assets/Core/Input/VgInput.cs,183.13,354,59,508,3,1,0,4,10
Assets/Core/GameCoreSystems/Audio/VgAudioSystem.cs,182.53,368,54,448,2,0,2,6,2
Assets/GameMain/Scripts/RunTime/GamePlay/Entities/PlatformerGame/Chain/EntityChain.cs,171.73,436,52,448,3,1,3,1,26
Assets/Core/GameCoreSystems/Camera/VgCameraManager.cs,168.83,339,40,369,8,0,12,0,8
Assets/GameMain/Scripts/RunTime/UI/SuperText/EffectTextRenderer.cs,168.28,471,62,471,1,1,0,1,17
Assets/GameMain/Scripts/RunTime/GamePlay/PlayerControl/PlayerCollisionStartCheck.cs,155.91,395,44,427,5,0,0,0,19
Assets/Core/ParallaxBackground/ParallaxBackground.cs,149.36,395,45,745,8,1,0,0,4
Assets/Core/GameCoreSystems/SaveSystem/VgSaveSystem.cs,133.01,449,40,451,2,0,6,0,8
Assets/GameMain/Scripts/RunTime/GamePlay/PlayerControl/Ore/MatOreControl.cs,131.78,218,24,226,3,1,6,0,18
Assets/Demos/FunctionDev/CharacterControllerDemo/CollideAndSlideDebugger.cs,128.95,270,16,270,1,0,10,0,24
Assets/Core/GameCore/Registry/CoreSystemRegistry.cs,127.8,218,25,228,2,0,0,8,0
Assets/Core/GameCoreSystems/Input/VgInputSystem.cs,127.61,223,22,247,2,1,6,4,8
Assets/GameMain/Scripts/RunTime/UI/MainMenuController.cs,123.42,241,24,261,5,0,0,0,0
Assets/Rendering/RainRust/RenderFeatures/RainRustLighting.cs,119.75,166,22,222,6,0,13,0,0
Assets/Core/CoreModule/Console/VgIngameConsoleManager.cs,118.72,290,42,290,2,0,2,1,7
Assets/Core/Logger/LogSystem.cs,118.61,261,27,955,10,0,0,2,5
Assets/GameMain/Scripts/RunTime/DebugUI/DebugUIManager.cs,118.33,181,27,321,3,1,8,0,15
Assets/Rendering/RainRust/Volume/RainRustVolume.cs,116.27,76,1,152,4,0,18,1,29
Assets/GameMain/Scripts/RunTime/GamePlay/PlayerControl/PlayerControlComponent.Unity.cs,112.97,194,29,200,3,0,5,0,9
Assets/Rendering/RainRust/RenderPasses/RainRustRayTracingPass.cs,110.02,216,27,242,6,0,0,0,1
Assets/GameMain/Scripts/RunTime/GamePlay/PlayerControl/PlayerGrapplingHook/GrapplingRope.cs,108.97,140,13,140,1,2,14,0,4
Assets/GameMain/Scripts/RunTime/GamePlay/PlayerControl/Vine/MatVineControl.cs,107.73,201,16,201,1,1,4,0,17
Assets/GameMain/Scripts/RunTime/GamePlay/PlayerControl/TempHookControl.cs,104.15,102,18,102,1,2,9,0,8
Assets/Rendering/RainRust/RenderPasses/RainRustRenderingPass.cs,104.09,223,27,329,7,0,5,0,1
Assets/GameMain/Scripts/RunTime/GamePlay/PlayerControl/PlayerStateStartSet.cs,102.3,200,40,204,4,0,0,0,1
Assets/GameMain/Scripts/RunTime/UI/PauseMenuController.cs,101.0,276,35,288,4,1,0,0,3
Assets/GameMain/Scripts/Editor/Level/LDtkPostProcessor/LDtkLevelRoomProcessor.cs,99.17,227,16,387,13,0,3,0,8
Assets/GameMain/Scripts/RunTime/GamePlay/PlayerControl/PlayerControlCapabilityBase.cs,98.99,113,8,113,1,0,0,0,0
Assets/Rendering/RainRust/RenderPasses/RainRustDrawObjectsPass.cs,92.04,403,6,515,5,0,10,0,3
Assets/GameMain/Scripts/RunTime/GamePlay/PlayerControl/WaveControl/WaveLife.cs,86.5,130,10,168,2,1,7,0,11
Assets/Core/Input/VgInputActions.cs,84.18,805,9,807,3,0,3,0,0
Assets/Core/GameCoreSystems/LoadingSplash/VgLoadingSplashManager.cs,84.08,148,18,394,3,0,4,2,0
Assets/Core/ParallaxBackground/ParallaxLayer.cs,80.81,57,1,67,4,0,15,0,6
Assets/GameMain/Scripts/RunTime/GamePlay/PlayerControl/ThornPlatform/MatThornPlatformControl.cs,79.58,112,10,118,2,1,2,0,10
Assets/Core/Events/SaveSystem/SaveSystemEvents.cs,78.58,99,1,99,1,0,17,0,0
Assets/GameMain/Scripts/RunTime/GamePlay/Entities/PlatformerGame/MovePlatformer/MovePlatformer.cs,75.36,157,22,157,1,1,0,0,6
Assets/GameMain/Scripts/RunTime/UI/SuperText/RichTextTagParser.cs,74.65,210,33,210,1,0,0,0,0
Assets/Demos/FunctionDev/CharacterControllerDemo/BoxCastDebugger.cs,73.71,211,9,211,1,0,8,0,17
Assets/GameMain/Scripts/RunTime/GamePlay/PlayerControl/MatDoor/MatDoorControl.cs,73.32,132,12,134,2,1,0,0,0
Assets/Core/Logger/LogTag.cs,71.67,100,4,152,19,0,0,0,2
Assets/GameMain/Scripts/Editor/Level/LDtkPostProcessor/LDtkIdentifiersProcessor.cs,70.78,142,23,154,7,0,0,0,0
Assets/GameMain/Scripts/RunTime/GamePlay/Entities/LDtkEntity.cs,70.46,107,11,109,2,0,9,0,4
Assets/Demos/FunctionDev/CharacterControllerDemo/PlayerCollisionCapability.cs,69.57,228,16,236,2,0,1,0,4
Assets/GameMain/Scripts/RunTime/GamePlay/PlayerControl/PlayerControlComponent.cs,69.56,493,1,493,5,0,6,0,0
Assets/Core/FP/Result.cs,68.53,213,20,465,4,0,0,0,0
Assets/GameMain/Scripts/RunTime/GamePlay/PlayerControl/Checkpoint/MatCheckpointControl.cs,67.67,130,9,164,5,1,2,0,1
Assets/Core/GameCoreSystems/Stats/StatsManager.cs,67.02,199,23,201,2,1,0,0,0
Assets/GameMain/Scripts/RunTime/GameCoreSystems/LevelManager/LevelStateRegistry.cs,66.33,160,30,160,1,0,0,0,0
Assets/GameMain/Scripts/RunTime/GamePlay/PlayerControl/PlayerStMachineThrow.cs,64.96,135,18,145,4,0,0,0,1
Assets/Rendering/RainRust/RenderPasses/RainRustJfaPass.cs,63.12,126,15,146,4,0,4,0,1
Assets/GameMain/Scripts/RunTime/GamePlay/PlayerControl/WaveControl/ZoneWaveControl.cs,63.0,72,3,72,1,1,7,0,9
Assets/GameMain/Scripts/RunTime/GamePlay/PlayerControl/PlayerNormalStJump.cs,59.04,127,23,131,3,0,0,0,2
Assets/Core/Input/InputEvents.cs,58.84,155,17,155,1,0,3,0,2
Assets/GameMain/Scripts/Editor/Level/LDtkPostProcessor/LDtkLayerProcessor.cs,57.19,111,18,149,6,0,0,0,0
Assets/Demos/FunctionDev/FpDemo/FpSample.cs,56.4,360,11,360,1,0,0,0,16
Assets/Core/GameCoreSystems/LoadingSplash/VgSplasher.cs,53.93,112,11,112,1,0,0,3,1
Assets/Core/Common/StateMachine/StateMachineRunner.cs,53.19,89,10,89,1,3,0,0,0
Assets/GameMain/Scripts/RunTime/GamePlay/Entities/SavePoint/SavePoint.cs,52.19,119,14,125,4,0,2,0,0
Assets/Core/Common/StateMachine/Events/StateEvent.cs,51.42,110,10,110,1,0,0,0,0
Assets/Core/Scene/AbTile/AbTile.cs,50.16,133,13,133,1,0,4,0,0
Assets/Core/GameCore/GameCore.Editor.cs,49.77,82,8,152,6,0,1,1,0
Assets/Rendering/RainRust/RenderPasses/RainRustContextData.cs,49.44,47,2,59,3,0,7,0,0
Assets/GameMain/Scripts/RunTime/GamePlay/PlayerControl/Effect/ParticleEffectInstance.cs,48.7,84,9,84,1,1,1,0,1
Assets/Core/GameCore/GameCore.Flow.cs,46.83,207,10,297,4,0,1,0,0
Assets/GameMain/Scripts/RunTime/GamePlay/SnakeGame/SnakeDoor.cs,46.74,135,11,143,5,0,1,0,0
Assets/GameMain/Scripts/RunTime/GamePlay/SnakeGame/SnakeTail.cs,46.33,91,13,93,3,0,2,0,1
Assets/Core/Container/PriorityQueue.cs,46.33,156,14,160,2,0,0,0,0
Assets/Demos/FunctionDev/Sonar/SonarWaveController.cs,45.92,57,7,57,1,1,4,0,5
Assets/GameMain/Scripts/Editor/Level/LDtkPostProcessor/LDtkChapterBackgroundProcessor.cs,45.48,131,14,135,4,0,0,0,1
Assets/GameMain/Scripts/RunTime/GameCoreSystems/LevelManager/LDtkIdentifiers.cs,44.23,52,1,100,13,0,0,0,0
Assets/Demos/FunctionDev/CharacterControllerDemo/PlayerInverseAccelerateCapability.cs,43.61,129,15,139,3,0,0,0,0
Assets/Demos/FunctionDev/CharacterControllerDemo/PlayerJumpCapability.cs,43.4,228,12,240,2,0,0,0,4
Assets/Demos/FunctionDev/CharacterControllerDemo/PlayerAccelerateCapability.cs,43.39,125,15,137,3,0,0,0,0
Assets/Core/AddressableResourceLoader/AddressableResourceLoader.cs,42.74,87,7,95,3,0,0,1,0
Assets/Demos/FunctionDev/CharacterControllerDemo/PlayerMovementComponent.Unity.cs,42.72,94,9,98,2,0,0,0,0
Assets/GameMain/Scripts/RunTime/InitInvoker/FastLevelTestInvoker.cs,42.67,52,4,104,4,0,5,0,0
Assets/Core/Common/StateMachine/StateMapping.cs,41.9,36,1,36,1,0,8,0,0
Assets/GameMain/Scripts/RunTime/ConsoleUtils/InvokeEvent.cs,40.95,54,6,54,1,0,0,3,0
Assets/Demos/FunctionDev/CharacterControllerDemo/PlayerDeAccelerateCapability.cs,40.75,122,15,126,2,0,0,0,1
Assets/GameMain/Scripts/RunTime/GamePlay/PlayerControl/PlayerStMachineWhistle.cs,40.36,83,13,97,4,0,0,0,0
Assets/GameMain/Scripts/RunTime/GamePlay/PlayerControl/PlayerControlComponent.Anim.cs,39.92,67,14,69,3,0,0,0,3
Assets/GameMain/Scripts/RunTime/Commands/InitInvoker/InitInvokerCommands.cs,39.85,158,11,378,3,0,0,0,0
Assets/GameMain/Scripts/RunTime/GamePlay/PlayerControl/PlayerStMachineDeath.cs,39.73,122,11,148,4,0,0,0,1
Assets/GameMain/Scripts/RunTime/GamePlay/PlayerControl/Effect/EffectPoolManager.cs,38.98,99,5,99,1,0,3,0,2
Assets/GameMain/Scripts/RunTime/GamePlay/SnakeGame/SnakeHoney.cs,38.71,115,10,115,2,0,2,0,0
Assets/Rendering/RainRust/RenderPasses/RainRustDistancePass.cs,38.53,64,5,88,3,0,4,0,1
Assets/Editor/BuildScripts/GitVersionProcessor.cs,38.1,120,11,132,2,0,1,0,2
Assets/GameMain/Scripts/RunTime/GameCoreSystems/LevelManager/LevelRoom.cs,36.9,72,4,132,3,0,1,0,0
Assets/GameMain/Scripts/RunTime/GamePlay/Entities/PlatformerGame/CameraOverride/CameraOverrideArea.cs,36.83,93,5,93,2,0,0,1,14
Assets/Core/GameCore/GameCore.UnityLifeCycles.cs,36.67,40,2,248,7,1,0,0,0
Assets/Demos/FunctionDev/CharacterControllerDemo/PlayerMovementComponent.Events.cs,36.18,58,1,58,1,0,7,0,0
Assets/Core/GameCoreSystems/Audio/Entry/StringManagedAudioEntry.cs,34.62,82,4,86,2,0,2,1,1
Assets/Core/GameCore/GameCore.cs,34.43,43,5,201,7,0,0,0,1
Assets/GameMain/Scripts/RunTime/GameCoreSystems/LevelManager/PlayerManager.cs,34.29,63,7,65,2,0,1,0,0
Assets/Core/GameCoreSystems/Audio/Entry/SetParameterFromEventEntry.cs,33.98,34,5,34,1,0,1,2,0
Assets/Core/GameCoreSystems/Scene/SceneLoader.cs,33.69,125,13,125,1,0,0,0,0
Assets/GameMain/Scripts/Editor/Tools/RecursiveMaterialSetter.cs,33.01,79,6,79,2,0,2,0,6
Assets/GameMain/Scripts/RunTime/GamePlay/PlayerControl/WaveControl/WavePoolManager.cs,32.86,65,1,73,2,0,0,0,2
Assets/GameMain/Scripts/RunTime/GamePlay/Entities/PlatformerGame/MisteryFog/MisteryFog.cs,32.77,75,9,75,1,0,0,1,2
Assets/Core/Input/InputSettings.cs,31.29,35,2,41,2,0,4,0,6
Assets/Core/Extensions/GameObjectExtension.cs,31.29,73,10,77,3,0,0,0,0
Assets/Core/Mono/MonoSingletonPersistent.cs,31.25,58,6,66,3,0,0,1,0
Assets/GameMain/Scripts/Editor/Level/LDtkPostProcessor/LDtkVolumGenProcessor.cs,31.23,93,9,93,2,0,0,0,6
Assets/GameMain/Scripts/RunTime/GamePlay/SnakeGame/PlayerSnakeSaveData.cs,30.08,22,1,22,1,0,6,0,0
Assets/Core/GameCoreSystems/Audio/Entry/Audio3DAudioEntry.cs,29.98,34,5,34,1,0,0,2,0
Assets/Rendering/RainRust/RenderPasses/SonarObstaclePass.cs,29.7,124,2,156,2,0,3,0,1
Assets/Demos/FunctionDev/CharacterControllerDemo/PlayerMovementComponent.cs,29.37,380,2,380,1,0,0,0,1
Assets/GameMain/Scripts/Editor/Level/LDtkPostProcessor/LDtkMaterialSetProcessor.cs,29.3,90,10,96,2,0,0,0,0
Assets/Rendering/RainRust/RenderFeatures/SonarObstacleFeature.cs,28.21,51,4,55,2,0,3,0,0
Assets/Core/Common/BuildVersionInfo.cs,27.57,44,3,44,1,0,2,0,1
Assets/GameMain/Scripts/RunTime/UI/SuperText/ShakeEffect.cs,26.98,82,7,82,1,0,0,0,11
Assets/Core/GameCoreSystems/Audio/Entry/DirectPlayManagedEntry.cs,26.95,30,4,30,2,0,1,1,0
Assets/Core/GameCoreSystems/SaveSystem/SaveMeta.cs,26.57,20,1,20,1,0,5,0,1
Assets/GameMain/Scripts/RunTime/UI/SuperText/ColorFlowEffect.cs,26.31,91,7,91,1,0,0,0,9
Assets/GameMain/Scripts/RunTime/GamePlay/PlayerControl/BeeControl/BeeRandomData.cs,26.09,53,5,53,1,0,2,0,5
Assets/Core/GameCoreSystems/Audio/Config/ManagedConfig.cs,25.98,27,3,27,1,0,2,1,0
Assets/Core/GameCoreSystems/Audio/Entry/AudioEntry.cs,25.98,27,3,27,1,0,2,1,0
Assets/GameMain/Scripts/RunTime/GamePlay/PlayerControl/PlayerNormalStGravity.cs,25.93,53,9,57,2,0,0,0,1
Assets/GameMain/Scripts/RunTime/GameCoreSystems/LevelManager/LevelBoundsTrigger.cs,25.88,42,8,46,3,0,0,0,0
Assets/GameMain/Scripts/RunTime/UI/SuperText/CharacterEffectContext.cs,25.68,15,1,15,1,0,5,0,0
Assets/GameMain/Scripts/RunTime/GameCoreSystems/Splash/PlayerDeathSplasher.cs,25.62,110,5,110,1,0,0,0,12
Assets/GameMain/Scripts/RunTime/Commands/GameFlow/GameFlowCommands.cs,25.43,50,3,64,3,0,2,0,0
Assets/GameMain/Scripts/RunTime/GamePlay/PlayerControl/PlayerStMachineDash.cs,25.06,69,5,73,2,0,0,0,0
Assets/Core/CoreModule/CoreModuleManagerBase.cs,24.68,21,2,243,6,0,0,0,0
Assets/Rendering/RainRust/RenderPasses/RainRustJfaInitPass.cs,24.4,60,6,72,2,0,1,0,0
Assets/GameMain/Scripts/RunTime/GamePlay/PlayerControl/PlayerGrapplingHook/Spring.cs,24.15,54,2,54,1,1,1,0,4
Assets/Core/GameCoreSystems/Stats/StatRecord.cs,24.12,26,2,26,1,0,4,0,0
Assets/GameMain/Scripts/RunTime/GamePlay/PlayerControl/PlayerGrabStJump.cs,24.07,52,6,56,3,0,0,0,2
Assets/Core/GameCoreSystems/Scene/VgSceneManager.cs,24.07,28,3,32,3,0,2,0,0
Assets/Demos/FunctionDev/CharacterControllerDemo/PlayerGrabCapability.cs,24.03,92,7,100,2,0,0,0,0
Assets/Core/GameCoreSystems/Audio/Entry/AudioParameterEntry.cs,23.89,29,4,29,1,0,1,1,0
Assets/GameMain/Scripts/RunTime/GamePlay/SnakeGame/SnakeSavePoint.cs,23.61,47,6,55,2,0,1,0,0
Assets/GameMain/Scripts/RunTime/GamePlay/PlayerControl/Checkpoint/CheckpointAnimTemp.cs,23.35,30,2,30,1,1,1,0,0
Assets/Core/GameCoreSystems/Audio/Entry/DirectSetParameterEntry.cs,23.3,36,4,36,2,0,0,1,0
Assets/Demos/FunctionDev/CharacterControllerDemo/PlayerGroundCheckCapability.cs,23.26,69,5,73,2,0,0,0,7
Assets/GameMain/Scripts/RunTime/GamePlay/Entities/LevelClearPoint/LevelClearPoint.cs,23.15,54,5,54,1,0,2,0,0
Assets/Core/GameCoreSystems/Audio/Entry/DirectPlay3DOneShotEntry.cs,22.77,27,4,27,2,0,0,1,0
Assets/Core/GameCoreSystems/Audio/Entry/DirectPlayOneShotEntry.cs,22.77,27,4,27,2,0,0,1,0
Assets/GameMain/Scripts/Editor/Level/LDtkPostProcessor/LDtkLevelNeighborProcessor.cs,22.07,42,6,92,2,0,0,0,4
Assets/Core/GameCoreSystems/LoadingSplash/VgCircleWipeEffect.cs,21.76,61,3,61,1,0,0,1,3
Assets/Core/Mono/MonoSingletonLasy.cs,21.63,38,3,40,2,0,0,1,0
Assets/GameMain/Scripts/RunTime/GamePlay/PlayerControl/OrchidCollection/MatCollectionControl.cs,21.27,32,3,32,1,1,0,0,0
Assets/Demos/FunctionDev/CharacterControllerDemo/PlayerMovementComponent.StateCheck.cs,20.82,110,5,110,1,0,0,0,4
Assets/Core/Command/GameObject/GameObjectCommands.cs,20.78,66,4,154,3,0,0,0,0
Assets/GameMain/Scripts/RunTime/GamePlay/PlayerControl/BeeControl/BeeAnim.cs,20.32,26,1,26,1,1,0,0,0
Assets/Core/GameCoreSystems/Audio/Entry/DefaultAudioEntry.cs,19.89,29,4,29,1,0,0,1,0
Assets/Rendering/RainRust/RenderPasses/RainRustUnpremultiplyPass.cs,19.51,67,7,67,1,0,0,0,0
Assets/Core/GameCoreSystems/LoadingSplash/VgDefaultSplasher.cs,18.43,45,1,45,1,0,0,1,5
Assets/GameMain/Scripts/RunTime/UI/SuperText/EffectSpan.cs,18.26,25,1,25,1,0,3,0,0
Assets/GameMain/Scripts/RunTime/GamePlay/SnakeGame/PlayerSnakeInitializer.cs,17.95,16,1,18,2,0,0,1,2
Assets/Core/GameCoreSystems/Audio/Entry/AudioPlayEntry.cs,17.91,19,1,19,1,0,3,0,0
Assets/Core/GameCoreSystems/SaveSystem/SaveSlotEntrySaveData.cs,17.79,17,1,17,1,0,3,0,0
Assets/GameMain/Scripts/RunTime/Events/GamePlay/SnakeGame/GamePlaySnakeGameEvents.cs,17.73,33,1,33,2,0,2,0,0
Assets/GameMain/Scripts/RunTime/UI/SuperText/TextDevelopSceneScript.cs,17.51,19,3,19,1,1,0,0,0
Assets/Core/Common/StateMachine/Drivers/StateDriverRunner.cs,17.32,9,1,9,1,0,3,0,0
Assets/Core/GameCoreSystems/Scene/SceneLoadInfo.cs,16.96,85,5,85,1,0,0,0,0
Assets/Core/GameCoreSystems/Audio/Entry/CustomAudioEntry.cs,16.83,52,6,52,1,0,0,0,0
Assets/Core/CoreModule/GlobalConfiguration/GlobalConfigurationManager.cs,16.81,15,1,31,2,1,0,0,0
Assets/Core/CoreModule/PostProcessing/VgPostProcessingManager.cs,16.81,15,1,31,2,1,0,0,0
Assets/GameMain/Scripts/RunTime/GamePlay/PlayerControl/PlayerControlComponent.Rope.cs,16.42,24,5,26,2,0,0,0,0
Assets/GameMain/Scripts/RunTime/GamePlay/PlayerControl/PlayerNormalStHorizontal.cs,16.38,54,4,58,2,0,0,0,0
Assets/GameMain/Scripts/RunTime/GamePlay/Entities/PlatformerGame/Chain/ChainJointTrigger.cs,16.06,25,2,25,1,0,0,1,0
Assets/Core/GameCoreSystems/LoadingSplash/VgDissolveSplasher.cs,16.01,79,3,79,1,0,0,0,5
Assets/GameMain/Scripts/RunTime/GamePlay/PlayerControl/PlayerGrabStGravity.cs,15.98,47,4,51,2,0,0,0,0
Assets/GameMain/Scripts/RunTime/GamePlay/Entities/LDtkTriggerEntity.cs,15.88,22,2,22,1,0,0,1,0
Assets/Core/Events/GameCore/GameCoreEvents.cs,15.79,15,1,29,3,0,1,0,0
Assets/GameMain/Scripts/RunTime/GamePlay/PlayerControl/PlayerStateEndSet.cs,15.53,29,1,33,2,0,0,0,0
Assets/Core/Events/AudioManagerHelper/AudioManagerHelperEvents.cs,15.27,56,5,56,1,0,0,0,0
Assets/GameMain/Scripts/RunTime/Commands/LevelManager/LevelManagerCommands.cs,14.96,53,1,61,2,0,1,0,0
Assets/GameMain/Scripts/RunTime/Events/GamePlay/PlatformGame/GamePlayMatEvents.cs,14.84,35,1,35,1,0,2,0,0
Assets/GameMain/Scripts/RunTime/Events/BeeManager/BeeManagerEvents.cs,14.43,28,1,28,1,0,2,0,0
Assets/GameMain/Scripts/RunTime/GamePlay/Entities/PlatformerGame/ChangeBackground/ChangeBackgroundArea.cs,14.38,34,3,34,1,0,1,0,0
Assets/Core/Extensions/TransformExtension.cs,14.32,28,2,38,3,0,0,0,0
Assets/Core/Common/FramedFloat.cs,14.2,48,1,48,1,0,0,0,1
Assets/GameMain/Scripts/RunTime/UI/SuperText/ParseResult.cs,13.73,16,1,16,1,0,2,0,0
Assets/GameMain/Scripts/RunTime/GamePlay/PlayerControl/PlayerInputTemp.cs,13.57,47,1,51,2,0,0,0,0
Assets/Core/GameCoreSystems/UI/VgUiManager.cs,13.56,13,1,13,1,0,2,0,0
Assets/Core/GameCoreSystems/Audio/Config/FmodParameterPair.cs,13.44,11,1,11,1,0,2,0,0
Assets/Core/GameCore/GameFlow/LoadContext.cs,12.94,31,1,71,3,0,0,0,0
Assets/Core/Extensions/Vector2Extension.cs,12.82,24,3,26,2,0,0,0,0
Assets/GameMain/Scripts/RunTime/ConsoleUtils/ConsoleCommands.Level.cs,12.79,31,1,53,3,0,0,0,0
Assets/Core/Command/AbastractManagerCommand.cs,12.58,30,1,34,2,0,0,0,0
Assets/Tests/PlayMode/SaveSystemPlayModeTests.cs,12.53,94,1,156,4,0,0,2,0
Assets/Core/Input/InputAction.cs,12.51,29,1,31,3,0,0,0,0
Assets/Core/ConsoleUtilities/ConsoleCommands.Testing.cs,12.46,27,1,37,3,0,0,0,0
Assets/GameMain/Scripts/RunTime/GameMain/GameMain.cs,12.18,23,1,27,3,0,0,0,0
Assets/Demos/FunctionDev/CharacterControllerDemo/PlayerGravityCapability.cs,12.07,72,1,80,2,0,0,0,0
Assets/GameMain/Scripts/RunTime/GamePlay/PlayerControl/BeeControl/BeeLdtkControl.cs,11.88,22,2,22,1,0,1,0,0
Assets/Core/Command/Addressable/AddressableCommands.cs,10.66,43,1,85,2,0,0,0,0
Assets/Tests/Editor/SaveSystemTests.cs,10.05,298,1,362,3,0,0,0,0
Assets/GameMain/Scripts/RunTime/GamePlay/PlayerControl/PlayerInitialSet.cs,9.93,36,1,40,2,0,0,0,0
Assets/GameMain/Scripts/RunTime/GamePlay/PlayerControl/PlayerControlComponent.Event.cs,9.85,18,1,18,1,0,1,0,0
Assets/Core/GameCoreSystems/SaveSystem/SaveContainer.cs,9.73,16,1,16,1,0,1,0,0
Assets/Demos/FunctionDev/CharacterControllerDemo/PlayerMovementComponent.PhysicsCast.cs,9.69,53,2,53,1,0,0,0,0
Assets/GameMain/Scripts/RunTime/GamePlay/PlayerControl/BeeControl/BeeEvents.cs,9.68,22,3,22,1,0,0,0,0
Assets/Core/GameCoreSystems/Audio/AudioEventSheet.cs,9.68,15,1,15,1,0,1,0,0
Assets/Core/Common/Singleton.cs,9.62,21,3,21,1,0,0,0,0
Assets/Core/GameCoreSystems/Audio/Entry/SetParameterEntry.cs,9.62,14,1,14,1,0,1,0,0
Assets/GameMain/Scripts/RunTime/GamePlay/Entities/PlatformerGame/MisteryFog/MisteryFogSaveData.cs,9.56,13,1,13,1,0,1,0,0
Assets/Core/GameCore/Registry/IGameCoreHookRegistry.cs,9.47,28,1,32,2,0,0,0,0
Assets/Core/GameCoreSystems/Stats/StatsSaveData.cs,9.38,10,1,10,1,0,1,0,0
Assets/Core/Common/SerializedScriptableObject/VgSerializedScriptableObject.cs,9.26,25,1,25,1,0,0,0,0
Assets/Demos/FunctionDev/CharacterControllerDemo/PlayerMoveCapability.cs,9.2,24,1,24,1,0,0,0,0
Assets/Core/Command/AudioManagerHelper/AudioManagerHelperCommands.cs,9.18,75,1,75,1,0,0,0,0
Assets/Core/GameCore/GameFlow/Steps/LoadMainMenuSceneStep.cs,9.16,23,1,25,2,0,0,0,0
Assets/Core/Command/IManagerCommand.cs,8.55,12,1,18,2,0,0,0,0
Assets/Core/GameCore/GameFlow/GameFlowState.cs,8.44,11,1,11,2,0,0,0,0
Assets/Core/CoreModule/Game/GameSystemManager.cs,8.39,9,1,17,2,0,0,0,0
Assets/Core/CoreModule/Game/GameMonoModule.cs,8.38,9,1,15,2,0,0,0,0
Assets/Core/EventSystem/IEvent.cs,8.33,8,1,16,2,0,0,0,0
Assets/Core/CoreModule/ObjectPool/VgObjectPoolManager.cs,8.32,8,1,14,2,0,0,0,0
Assets/Core/CoreModule/Localization/VgLocalizationManager.cs,8.32,8,1,14,2,0,0,0,0
Assets/Tests/Editor/UI/SuperText/RichTextTagParserTests.cs,8.3,170,1,170,1,0,0,0,15
Assets/GameMain/Scripts/RunTime/UI/SuperText/CharacterEffectRegistry.cs,8.29,29,2,29,1,0,0,0,0
Assets/GameMain/Scripts/RunTime/GameCoreSystems/LevelManager/RuntimeEntityRegistry.cs,8.23,28,2,28,1,0,0,0,0
Assets/Core/Command/ICommand.cs,7.72,50,1,50,1,0,0,0,0
Assets/GameMain/Scripts/RunTime/Events/LevelManager/LevelManagerEvents.cs,7.66,49,1,49,1,0,0,0,0
Assets/Demos/FunctionDev/CharacterControllerDemo/PlayerMovementTickOrder.cs,6.49,29,1,29,1,0,0,0,0
Assets/GameMain/Scripts/RunTime/GamePlay/Entities/PlatformerGame/MovePlatformer/MovePlatformerPathPoint.cs,6.16,13,1,13,1,0,0,0,1
Assets/Core/GameCoreSystems/LoadingSplash/IProgressable.cs,6.14,23,1,23,1,0,0,0,0
Assets/GameMain/LDtkProject/gm_ldtk_project/GmLDtkEnums.cs,6.03,21,1,21,1,0,0,0,0
Assets/Core/Events/Stats/StatsEvents.cs,6.03,21,1,21,1,0,0,0,0
Assets/GameMain/Scripts/RunTime/GamePlay/PlayerControl/PlayerControlTickOrder.cs,5.97,20,1,20,1,0,0,0,0
Assets/GameMain/Scripts/RunTime/Events/SuperText/SuperTextEvents.cs,5.91,19,1,19,1,0,0,0,0
Assets/Core/Events/ConsoleManager/VgIngameConsoleManagerEvents.cs,5.91,19,1,19,1,0,0,0,0
Assets/Core/Exceptions/Load/LoadFailedException.cs,5.91,19,1,19,1,0,0,0,0
Assets/Core/Exceptions/Command/CommandExcuteFailedException.cs,5.91,19,1,19,1,0,0,0,0
Assets/Demos/FunctionDev/CharacterControllerDemo/PlayerMovementComponent.Physics.cs,5.85,18,1,18,1,0,0,0,0
Assets/GameMain/Scripts/RunTime/GamePlay/Entities/LDtkFieldAttribute.cs,5.85,18,1,18,1,0,0,0,0
Assets/Core/Exceptions/CoreModuleException/CoreModuleException.cs,5.85,18,1,18,1,0,0,0,0
Assets/GameMain/Scripts/Editor/Events/GameEditorTest/GmEditorTestEvents.cs,5.79,17,1,17,1,0,0,0,0
Assets/Core/GameCore/GameIdentifiers.cs,5.67,15,1,15,1,0,0,0,0
Assets/Core/GameCore/GameFlow/Steps/ShowLogoStep.cs,5.62,14,1,14,1,0,0,0,0
Assets/Tests/Editor/UI/SuperText/TypewriterScheduleTests.cs,5.59,68,1,68,1,0,0,0,12
Assets/Core/GameCoreSystems/ICoreModuleSystem.cs,5.56,13,1,13,1,0,0,0,0
Assets/GameMain/Scripts/RunTime/GamePlay/PlayerControl/PlayerPlatformerInitializer.cs,5.5,12,1,12,1,0,0,0,0
Assets/Core/GameCoreSystems/Audio/Entry/CustomParameterUpdateEntry.cs,5.5,12,1,12,1,0,0,0,0
Assets/Core/GameCoreSystems/Audio/Interfaces/IValueEvent.cs,5.5,12,1,12,1,0,0,0,0
Assets/Core/GameCoreSystems/Stats/StatKeys.cs,5.44,11,1,11,1,0,0,0,0
Assets/Core/GameCore/GameFlow/GameFlowTrigger.cs,5.44,11,1,11,1,0,0,0,0
Assets/GameMain/Scripts/RunTime/Events/PlayerControl/PlayerControlEvents.cs,5.38,10,1,10,1,0,0,0,0
Assets/Core/GameCore/GameFlow/IGameFlowCommand.cs,5.38,10,1,10,1,0,0,0,0
Assets/Core/GameCoreSystems/LoadingSplash/VgSplashKey.cs,5.33,9,1,9,1,0,0,0,0
Assets/Core/GameCoreSystems/Audio/Enums/TriggerMode.cs,5.33,9,1,9,1,0,0,0,0
Assets/Core/GameCoreSystems/Audio/Interfaces/IPositionEvent.cs,5.33,9,1,9,1,0,0,0,0
Assets/Core/GameCoreSystems/Audio/Interfaces/IFmodOneShotEvent.cs,5.33,9,1,9,1,0,0,0,0
Assets/Core/GameCoreSystems/Audio/Interfaces/IFmodParameterEvent.cs,5.33,9,1,9,1,0,0,0,0
Assets/Core/GameCoreSystems/Audio/Enums/AudioPlayMode.cs,5.27,8,1,8,1,0,0,0,0
Assets/GameMain/Scripts/RunTime/UI/SuperText/ICharacterEffect.cs,5.21,7,1,7,1,0,0,0,0
Assets/GameMain/Scripts/RunTime/AudioEntries/AudioEntryChapterBgm.cs,5.15,6,1,6,1,0,0,0,0
Assets/GameMain/Scripts/RunTime/GamePlay/Entities/LightThing/LightEntitySet.cs,5.15,6,1,6,1,0,0,0,0
Assets/Core/Extensions/UnityHelper.cs,5.15,6,1,6,1,0,0,0,0
Assets/Core/GameCoreSystems/Audio/Interfaces/IFmodPositionEvent.cs,5.03,4,1,4,1,0,0,0,0
